﻿Term,Parent
不斷工作,Coping
狂做野,Coping
唔停咁做野,Coping
不停咁做野,Coping
無間斷工作,Coping
麻醉,Coping
麻醉自己,Coping
食藥,Coping
安眠藥,Coping
propranolol,Coping
 nalion,Coping
take野,Coping
啪丸,Coping
飲酒,Coping
劈酒,Coping
隊酒,Coping
灌酒,Coping
食煙,Coping
Smoke,Coping
weed,Coping
stoned,Coping
隊草,Coping
大麻,Coping
隊野,Coping
啪野,Coping
食糖,Coping
咩都唔做,Coping
Whatever la,Coping
一了了之,Coping
拒絕相信,Coping
唔想接受事實,Coping
用酒麻醉自己,Coping
鬧自己,Coping
批評自己,Coping
眼光光,Coping
呆下呆下,Coping
放空,Coping
專注其他地方,Coping
洗錢,Coping
fing錢,Coping
大出血,Coping
碌卡,Coping
打機,Coping
打lol,Coping
看電影,Coping
睇戲,Coping
睇書,Coping
閱讀,Coping
購物,Coping
Shopping,Coping
淘,Coping
淘寶,Coping
性愛,Coping
屌閪,Coping
搞野,Coping
仆野,Coping
做愛,Coping
屌西,Coping
呃蝦條,Coping
敦倫,Coping
活塞運動,Coping
啪啪,Coping
啪啪啪,Coping
卜野,Coping
sp,Coping
扑野,Coping
 看動畫,Coping
睇動畫,Coping
看電視,Coping
睇電視,Coping
煲劇,Coping
睇卡通,Coping
食嘢,Coping
暴飲暴食,Coping
狂食零食,Coping
聽歌,Coping
曬太陽,Coping
照燈,Coping
做運動,Coping
慢跑,Coping
有氧運動,Coping
 游泳,Coping
跳繩,Coping
呼拉圈,Coping
踏單車,Coping
健美操,Coping
瑜珈,Coping
行山,Coping
do exercise,Coping
yoga,Coping
做exercise,Coping
瞓覺,Coping
訓教,Coping
睡覺,Coping
訓覺,Coping
重複做無意思既野,Coping
強迫症,Coping
自慰,Coping
打丁,Coping
打J,Coping
打飛機,Coping
睇av,Coping
打手槍,Coping
怪責自己,Coping
專注努力,Coping
圍爐,Coping
實際行動,Coping
搵人傾訴,Coping
吹下水,Coping
講出黎,Coping
呻,Coping
講粗口,Coping
爆粗,Coping
請教他人,Coping
問下人,Coping
問人意見,Coping
換個角度,Coping
換框架,Coping
think difference,Coping
想辦法解決問題,Coping
諗方法解決問題,Coping
諗計解決問題,Coping
對話,Coping
傾計,Coping
說出來,Coping
傾心事,Coping
講心事,Coping
講野,Coping
吐苦水,Coping
擤,Coping
尋找正面的東西,Coping
尋找正面的野,Coping
自嘲,Coping
自己笑自己,Coping
面對問題,Coping
直視,Coping
放負,Coping
睇人放負,Coping
搵人放負,Coping
負,Coping
番教會,Coping
宗教,Coping
見醫生,Coping
見社工,Coping
見心理醫生,Coping
睇醫生,Coping
睇心理醫生,Coping
睇心理學家,Coping
搵人地幫,Coping
學習與問題共存,Coping
摸著石頭行路,Coping
祈禱,Coping
沉思,Coping
嘲笑現況,Coping
自我控制,Coping
讚賞自已,Coping
自己讚自己,Coping
食安眠藥改善失眠,Coping
食安眠藥,Coping
食安眠藥先訓到,Coping
食安眠藥先訓倒,Coping
食安眠藥先瞓到,Coping
食安眠藥先瞓倒,Coping
食安眠藥先訓,Coping
食安眠藥先瞓,Coping
要食藥先訓到,Coping
要食藥先訓倒,Coping
要食藥先瞓到,Coping
要食藥先瞓倒,Coping
食藥先訓到,Coping
食藥先訓倒,Coping
食藥先瞓到,Coping
食藥先瞓倒,Coping
要食安眠藥,Coping
飲酒改善失眠,Coping
飲酒醫失眠,Coping
飲酒克服失眠,Coping
訓之前飲酒,Coping
瞓之前飲酒,Coping
訓覺前飲酒,Coping
瞓覺前飲酒,Coping
訓教前飲酒,Coping
瞓教前飲酒,Coping
訓前飲酒,Coping
瞓前飲酒,Coping
訓之前食安眠藥,Coping
瞓之前食安眠藥,Coping
訓覺前食安眠藥,Coping
瞓覺前食安眠藥,Coping
訓教前食安眠藥,Coping
瞓教前食安眠藥,Coping
訓前食安眠藥,Coping
瞓前食安眠藥,Coping
用興奮劑,Coping
食興奮劑,Coping
食鎮靜劑,Coping
用鎮靜劑,Coping
濫用藥物,Coping
吸毒,Coping
濫藥,Coping
吸食毒品,Coping
食毒品,Coping
食丸仔,Coping
o拍丸,Coping
亂飲酒,Coping
成日亂飲酒,Coping
成日飲酒,Coping
經常亂飲酒,Coping
經常飲酒,Coping
濫用鎮靜劑,Coping
成日濫用鎮靜劑,Coping
經常濫用鎮靜劑,Coping
成日食鎮靜劑,Coping
經常食鎮靜劑,Coping
成日用鎮靜劑,Coping
經常用鎮靜劑,Coping
狂用鎮靜劑,Coping
狂食鎮靜劑,Coping
狂飲酒,Coping
狂隊酒,Coping
多咗同人發生性行為,Coping
多咗同人搞,Coping
多咗同人搞野,Coping
多咗同人搞o野,Coping
多咗同人搞嘢,Coping
多咗同人上床,Coping
多咗同人上牀,Coping
多咗同人sex,Coping
多左同人發生性行為,Coping
多左同人搞,Coping
多左同人搞野,Coping
多左同人搞o野,Coping
多左同人搞嘢,Coping
多左同人上床,Coping
多左同人上牀,Coping
多左同人sex,Coping
多o左同人發生性行為,Coping
多o左同人搞,Coping
多o左同人搞野,Coping
多o左同人搞o野,Coping
多o左同人搞嘢,Coping
多o左同人上床,Coping
多o左同人上牀,Coping
多o左同人sex,Coping
多jor同人發生性行為,Coping
多jor同人搞,Coping
多jor同人搞野,Coping
多jor同人搞o野,Coping
多jor同人搞嘢,Coping
多jor同人上床,Coping
多jor同人上牀,Coping
多jor同人sex,Coping
多咗同人性交,Coping
多咗同人扑嘢,Coping
多咗同人扑野,Coping
多咗同人扑o野,Coping
多左同人性交,Coping
多左同人扑嘢,Coping
多左同人扑野,Coping
多左同人扑o野,Coping
多o左同人性交,Coping
多o左同人扑嘢,Coping
多o左同人扑野,Coping
多o左同人扑o野,Coping
多jor同人性交,Coping
多jor同人扑嘢,Coping
多jor同人扑野,Coping
多jor同人扑o野,Coping
多咗性交,Coping
多咗扑嘢,Coping
多咗扑野,Coping
多咗扑o野,Coping
多咗搞嘢,Coping
多咗搞野,Coping
多咗搞o野,Coping
多左性交,Coping
多左扑嘢,Coping
多左扑野,Coping
多左扑o野,Coping
多左搞嘢,Coping
多左搞野,Coping
多左搞o野,Coping
多o左性交,Coping
多o左扑嘢,Coping
多o左扑野,Coping
多o左扑o野,Coping
多o左搞嘢,Coping
多o左搞野,Coping
多o左搞o野,Coping
多jor性交,Coping
多jor扑嘢,Coping
多jor扑野,Coping
多jor扑o野,Coping
多jor搞嘢,Coping
多jor搞野,Coping
多jor搞o野,Coping
性交多咗,Coping
性交多左,Coping
性交多o左,Coping
性交多jor,Coping
扑嘢多咗,Coping
扑嘢多左,Coping
扑嘢多o左,Coping
扑嘢多jor,Coping
扑野多咗,Coping
扑野多左,Coping
扑野多o左,Coping
扑野多jor,Coping
扑o野多咗,Coping
扑o野多左,Coping
扑o野多o左,Coping
扑o野多jor,Coping
搞嘢多咗,Coping
搞嘢多左,Coping
搞嘢多o左,Coping
搞嘢多jor,Coping
搞野多咗,Coping
搞野多左,Coping
搞野多o左,Coping
搞野多jor,Coping
搞o野多咗,Coping
搞o野多左,Coping
搞o野多o左,Coping
搞o野多jor,Coping
逃避自己嘅情緒,Coping
逃避自己o既情緒,Coping
逃避自己ge情緒,Coping
逃避自己既情緒,Coping
逃避自己嘅感受,Coping
逃避自己o既感受,Coping
逃避自己ge感受,Coping
逃避自己既感受,Coping
逃避自己感受,Coping
壓抑自己感受,Coping
壓抑自己情緒,Coping
提起傷心事會飲好多酒,Coping
提起創傷事件會飲好多酒,Coping
提起件事會飲好多酒,Coping
提起傷心事嘅時候飲好多酒,Coping
提起傷心事o既時候飲好多酒,Coping
提起傷心事ge時候飲好多酒,Coping
提起傷心事既時候飲好多酒,Coping
提起創傷事件嘅時候飲好多酒,Coping
提起創傷事件o既時候飲好多酒,Coping
提起創傷事件ge時候飲好多酒,Coping
提起創傷事件既時候飲好多酒,Coping
提起件事嘅時候飲好多酒,Coping
提起件事o既時候飲好多酒,Coping
提起件事ge時候飲好多酒,Coping
提起件事既時候飲好多酒,Coping
提起傷心事飲好多酒,Coping
提起傷心事狂隊酒,Coping
提起傷心事狂飲酒,Coping
提起痛苦記憶飲好多酒,Coping
提起痛苦記憶狂隊酒,Coping
提起痛苦記憶狂飲酒,Coping
提起創傷飲好多酒,Coping
提起創傷狂隊酒,Coping
提起創傷狂飲酒,Coping
提起件事會狂隊酒,Coping
提起件事會狂飲酒,Coping
吾睇關於傷心事嘅新聞,Coping
吾睇關於傷心事o既新聞,Coping
吾睇關於傷心事ge新聞,Coping
吾睇關於傷心事既新聞,Coping
吾睇關於創傷事件嘅新聞,Coping
吾睇關於創傷事件o既新聞,Coping
吾睇關於創傷事件ge新聞,Coping
吾睇關於創傷事件既新聞,Coping
吾睇關於件事嘅新聞,Coping
吾睇關於件事o既新聞,Coping
吾睇關於件事ge新聞,Coping
吾睇關於件事既新聞,Coping
唔睇關於傷心事嘅新聞,Coping
唔睇關於傷心事o既新聞,Coping
唔睇關於傷心事ge新聞,Coping
唔睇關於傷心事既新聞,Coping
唔睇關於創傷事件嘅新聞,Coping
唔睇關於創傷事件o既新聞,Coping
唔睇關於創傷事件ge新聞,Coping
唔睇關於創傷事件既新聞,Coping
唔睇關於件事嘅新聞,Coping
唔睇關於件事o既新聞,Coping
唔睇關於件事ge新聞,Coping
唔睇關於件事既新聞,Coping
5睇關於傷心事嘅新聞,Coping
5睇關於傷心事o既新聞,Coping
5睇關於傷心事ge新聞,Coping
5睇關於傷心事既新聞,Coping
5睇關於創傷事件嘅新聞,Coping
5睇關於創傷事件o既新聞,Coping
5睇關於創傷事件ge新聞,Coping
5睇關於創傷事件既新聞,Coping
5睇關於件事嘅新聞,Coping
5睇關於件事o既新聞,Coping
5睇關於件事ge新聞,Coping
5睇關於件事既新聞,Coping
o吾睇關於傷心事嘅新聞,Coping
o吾睇關於傷心事o既新聞,Coping
o吾睇關於傷心事ge新聞,Coping
o吾睇關於傷心事既新聞,Coping
o吾睇關於創傷事件嘅新聞,Coping
o吾睇關於創傷事件o既新聞,Coping
o吾睇關於創傷事件ge新聞,Coping
o吾睇關於創傷事件既新聞,Coping
o吾睇關於件事嘅新聞,Coping
o吾睇關於件事o既新聞,Coping
o吾睇關於件事ge新聞,Coping
o吾睇關於件事既新聞,Coping
吾去傷心事發生嘅地方,Coping
吾去傷心事發生o既地方,Coping
吾去傷心事發生ge地方,Coping
吾去傷心事發生既地方,Coping
吾去創傷事件發生嘅地方,Coping
吾去創傷事件發生o既地方,Coping
吾去創傷事件發生ge地方,Coping
吾去創傷事件發生既地方,Coping
吾去件事發生嘅地方,Coping
吾去件事發生o既地方,Coping
吾去件事發生ge地方,Coping
吾去件事發生既地方,Coping
唔去傷心事發生嘅地方,Coping
唔去傷心事發生o既地方,Coping
唔去傷心事發生ge地方,Coping
唔去傷心事發生既地方,Coping
唔去創傷事件發生嘅地方,Coping
唔去創傷事件發生o既地方,Coping
唔去創傷事件發生ge地方,Coping
唔去創傷事件發生既地方,Coping
唔去件事發生嘅地方,Coping
唔去件事發生o既地方,Coping
唔去件事發生ge地方,Coping
唔去件事發生既地方,Coping
5去傷心事發生嘅地方,Coping
5去傷心事發生o既地方,Coping
5去傷心事發生ge地方,Coping
5去傷心事發生既地方,Coping
5去創傷事件發生嘅地方,Coping
5去創傷事件發生o既地方,Coping
5去創傷事件發生ge地方,Coping
5去創傷事件發生既地方,Coping
5去件事發生嘅地方,Coping
5去件事發生o既地方,Coping
5去件事發生ge地方,Coping
5去件事發生既地方,Coping
o吾去傷心事發生嘅地方,Coping
o吾去傷心事發生o既地方,Coping
o吾去傷心事發生ge地方,Coping
o吾去傷心事發生既地方,Coping
o吾去創傷事件發生嘅地方,Coping
o吾去創傷事件發生o既地方,Coping
o吾去創傷事件發生ge地方,Coping
o吾去創傷事件發生既地方,Coping
o吾去件事發生嘅地方,Coping
o吾去件事發生o既地方,Coping
o吾去件事發生ge地方,Coping
o吾去件事發生既地方,Coping
避開傷心事入面嘅人,Coping
避開傷心事入面o既人,Coping
避開傷心事入面ge人,Coping
避開傷心事入面既人,Coping
避開痛苦記憶入面嘅人,Coping
避開痛苦記憶入面o既人,Coping
避開痛苦記憶入面ge人,Coping
避開痛苦記憶入面既人,Coping
食仰屈藥,Coping
食仰郁藥,Coping
食仰鬱藥,Coping
食抑屈藥,Coping
食抑郁藥,Coping
食抑鬱藥,Coping
食憂屈藥,Coping
食憂郁藥,Coping
食憂鬱藥,Coping
食抗仰屈藥,Coping
食抗仰郁藥,Coping
食抗仰鬱藥,Coping
食抗抑屈藥,Coping
食抗抑郁藥,Coping
食抗抑鬱藥,Coping
食抗憂屈藥,Coping
食抗憂郁藥,Coping
食抗憂鬱藥,Coping
想死,Coping
想去死,Coping
成日想死,Coping
好想死,Coping
勁想死,Coping
超想死,Coping
超級想死,Coping
極想死,Coping
勁想去死,Coping
超想去死,Coping
超級想去死,Coping
極想去死,Coping
諗住想死,Coping
諗住想去死,Coping
成日好想死,Coping
成日都好想死,Coping
成日都想死,Coping
經常想死,Coping
經常好想死,Coping
經常都好想死,Coping
經常都想死,Coping
成日都勁想死,Coping
成日都超想死,Coping
成日都極想死,Coping
經常都勁想死,Coping
經常都超想死,Coping
經常都極想死,Coping
成日都會勁想死,Coping
成日都會超想死,Coping
成日都會極想死,Coping
經常都會勁想死,Coping
經常都會超想死,Coping
經常都會極想死,Coping
成日都會諗住想死,Coping
經常都會諗住想死,Coping
成日都諗住想死,Coping
經常都諗住想死,Coping
成日都諗住去死,Coping
經常都諗住去死,Coping
成日諗住去死,Coping
經常諗住去死,Coping
成日諗住想去死,Coping
經常諗住想去死,Coping
成日都有諗住想去死,Coping
成日都有諗住想死,Coping
成日都有諗住去死,Coping
經常都有諗住想去死,Coping
經常都有諗住想死,Coping
經常都有諗住去死,Coping
成日都有想死嘅諗法,Coping
成日都有想死嘅念頭,Coping
成日都有想死o既諗法,Coping
成日都有想死o既念頭,Coping
成日都有想死ge諗法,Coping
成日都有想死ge念頭,Coping
成日都有想死既諗法,Coping
成日都有想死既念頭,Coping
經常都有想死嘅諗法,Coping
經常都有想死嘅念頭,Coping
經常都有想死o既諗法,Coping
經常都有想死o既念頭,Coping
經常都有想死ge諗法,Coping
經常都有想死ge念頭,Coping
經常都有想死既諗法,Coping
經常都有想死既念頭,Coping
成日有想死嘅諗法,Coping
成日有想死嘅念頭,Coping
成日有想死o既諗法,Coping
成日有想死o既念頭,Coping
成日有想死ge諗法,Coping
成日有想死ge念頭,Coping
成日有想死既諗法,Coping
成日有想死既念頭,Coping
有想死嘅諗法,Coping
有想死嘅念頭,Coping
有想死o既諗法,Coping
有想死o既念頭,Coping
有想死ge諗法,Coping
有想死ge念頭,Coping
有想死既諗法,Coping
有想死既念頭,Coping
經常有想死嘅諗法,Coping
經常有想死嘅念頭,Coping
經常有想死o既諗法,Coping
經常有想死o既念頭,Coping
經常有想死ge諗法,Coping
經常有想死ge念頭,Coping
經常有想死既諗法,Coping
經常有想死既念頭,Coping
成日都有好想死嘅諗法,Coping
成日都有好想死嘅念頭,Coping
成日都有好想死o既諗法,Coping
成日都有好想死o既念頭,Coping
成日都有好想死ge諗法,Coping
成日都有好想死ge念頭,Coping
成日都有好想死既諗法,Coping
成日都有好想死既念頭,Coping
有好想死嘅諗法,Coping
有好想死嘅念頭,Coping
好想死o既諗法,Coping
好想死o既念頭,Coping
有好想死ge諗法,Coping
有好想死ge念頭,Coping
有好想死既諗法,Coping
有好想死既念頭,Coping
經常都有好想死嘅諗法,Coping
經常都有好想死嘅念頭,Coping
經常都有好想死o既諗法,Coping
經常都有好想死o既念頭,Coping
經常都有好想死ge諗法,Coping
經常都有好想死ge念頭,Coping
經常都有好想死既諗法,Coping
經常都有好想死既念頭,Coping
成日有想好死嘅諗法,Coping
成日有想好死嘅念頭,Coping
成日有想好死o既諗法,Coping
成日有想好死o既念頭,Coping
成日有想好死ge諗法,Coping
成日有想好死ge念頭,Coping
成日有想好死既諗法,Coping
成日有想好死既念頭,Coping
經常有想好死嘅諗法,Coping
經常有想好死嘅念頭,Coping
經常有想好死o既諗法,Coping
經常有想好死o既念頭,Coping
經常有想好死ge諗法,Coping
經常有想好死ge念頭,Coping
經常有想好死既諗法,Coping
經常有想好死既念頭,Coping
成日覺得自己想死,Coping
成日覺得自己好想死,Coping
成日覺得自己勁想死,Coping
成日覺得自己超想死,Coping
自己想死,Coping
自己好想死,Coping
自己勁想死,Coping
自己超想死,Coping
覺得自己想死,Coping
覺得自己好想死,Coping
覺得自己勁想死,Coping
覺得自己超想死,Coping
成日feel到自己想死,Coping
成日feel到自己好想死,Coping
成日feel到自己勁想死,Coping
成日feel到自己超想死,Coping
成日feel倒自己想死,Coping
成日feel倒自己好想死,Coping
成日feel倒自己勁想死,Coping
成日feel倒自己超想死,Coping
經常覺得自己想死,Coping
經常覺得自己好想死,Coping
經常覺得自己勁想死,Coping
經常覺得自己超想死,Coping
經常feel到自己想死,Coping
經常feel到自己好想死,Coping
經常feel到自己勁想死,Coping
經常feel到自己超想死,Coping
經常feel倒自己想死,Coping
經常feel倒自己好想死,Coping
經常feel倒自己勁想死,Coping
經常feel倒自己超想死,Coping
成日覺得想死,Coping
成日覺得勁想死,Coping
成日覺得超想死,Coping
成日覺得好想死,Coping
覺得想死,Coping
覺得勁想死,Coping
覺得超想死,Coping
覺得好想死,Coping
成日feel到想死,Coping
成日feel到勁想死,Coping
成日feel到超想死,Coping
成日feel到好想死,Coping
成日feel倒想死,Coping
成日feel倒勁想死,Coping
成日feel倒超想死,Coping
成日feel倒好想死,Coping
經常覺得想死,Coping
經常覺得勁想死,Coping
經常覺得超想死,Coping
經常覺得好想死,Coping
經常feel到想死,Coping
經常feel到勁想死,Coping
經常feel到超想死,Coping
經常feel到好想死,Coping
經常feel倒想死,Coping
經常feel倒勁想死,Coping
經常feel倒超想死,Coping
經常feel倒好想死,Coping
成日覺得自己會去死,Coping
成日feel到自己會去死,Coping
成日feel倒自己會去死,Coping
覺得自己會去死,Coping
feel到自己會去死,Coping
feel倒自己會去死,Coping
經常覺得自己會去死,Coping
經常feel到自己會去死,Coping
經常feel倒自己會去死,Coping
時不時諗住去死,Coping
時不時諗住想死,Coping
時不時諗住想去死,Coping
時不時諗住好想死,Coping
時不時諗住好想去死,Coping
時不時覺得去死,Coping
時不時覺得想死,Coping
時不時覺得想去死,Coping
時不時覺得好想死,Coping
時不時覺得好想去死,Coping
時不時諗起去死,Coping
時不時諗起想去死,Coping
時不時諗起好想死,Coping
時不時諗起好想去死,Coping
諗起去死,Coping
諗起想去死,Coping
諗起好想死,Coping
諗起好想去死,Coping
loop住想死嘅諗法,Coping
loop住想死嘅念頭,Coping
loop住想死o既諗法,Coping
loop住想死o既念頭,Coping
loop住想死ge諗法,Coping
loop住想死ge念頭,Coping
loop住想死既諗法,Coping
loop住想死既念頭,Coping
想死嘅諗法,Coping
想死嘅念頭,Coping
想死o既諗法,Coping
想死o既念頭,Coping
想死ge諗法,Coping
想死ge念頭,Coping
想死既諗法,Coping
想死既念頭,Coping
loop住好想死嘅諗法,Coping
loop住好想死嘅念頭,Coping
loop住好想死o既諗法,Coping
loop住好想死o既念頭,Coping
loop住好想死ge諗法,Coping
loop住好想死ge念頭,Coping
loop住好想死既諗法,Coping
loop住好想死既念頭,Coping
loop住好想死,Coping
loop住想去死,Coping
loop住好想去死,Coping
成日突然想死,Coping
成日突然想去死,Coping
成日突然想自殺,Coping
成日突然好想去死,Coping
成日突然好想去自殺,Coping
成日突然好想自殺,Coping
成日突然勁想自殺,Coping
成日突然勁想去自殺,Coping
成日突然超想自殺,Coping
成日突然超想去自殺,Coping
自殺傾向,Coping
突然想死,Coping
突然想去死,Coping
突然想自殺,Coping
突然好想去死,Coping
突然好想去自殺,Coping
突然好想自殺,Coping
突然勁想自殺,Coping
突然勁想去自殺,Coping
突然超想自殺,Coping
突然超想去自殺,Coping
經常突然想死,Coping
經常突然想去死,Coping
經常突然想自殺,Coping
經常突然好想去死,Coping
經常突然好想去自殺,Coping
經常突然好想自殺,Coping
經常突然勁想自殺,Coping
經常突然勁想去自殺,Coping
經常突然超想自殺,Coping
經常突然超想去自殺,Coping
時不時突然想死,Coping
時不時突然想去死,Coping
時不時突然想自殺,Coping
時不時突然好想去死,Coping
時不時突然好想去自殺,Coping
時不時突然好想自殺,Coping
時不時突然勁想自殺,Coping
時不時突然勁想去自殺,Coping
時不時突然超想自殺,Coping
時不時突然超想去自殺,Coping
成日都突然想死,Coping
成日都突然想去死,Coping
成日都突然想自殺,Coping
成日都突然好想去死,Coping
成日都突然好想去自殺,Coping
成日都突然好想自殺,Coping
成日都突然勁想自殺,Coping
成日都突然勁想去自殺,Coping
成日都突然超想自殺,Coping
成日都突然超想去自殺,Coping
經常都突然想死,Coping
經常都突然想去死,Coping
經常都突然想自殺,Coping
經常都突然好想去死,Coping
經常都突然好想去自殺,Coping
經常都突然好想自殺,Coping
經常都突然勁想自殺,Coping
經常都突然勁想去自殺,Coping
經常都突然超想自殺,Coping
經常都突然超想去自殺,Coping
時不時都突然想死,Coping
時不時都突然想去死,Coping
時不時都突然想自殺,Coping
時不時都突然好想去死,Coping
時不時都突然好想去自殺,Coping
時不時都突然好想自殺,Coping
時不時都突然勁想自殺,Coping
時不時都突然勁想去自殺,Coping
時不時都突然超想自殺,Coping
時不時都突然超想去自殺,Coping
成日都即興想死,Coping
成日都即興想去死,Coping
成日都即興想自殺,Coping
即興想死,Coping
即興想去死,Coping
即興想自殺,Coping
經常都即興想死,Coping
經常都即興想去死,Coping
經常都即興想自殺,Coping
時不時都即興想死,Coping
時不時都即興想去死,Coping
時不時都即興想自殺,Coping
成日都冇計劃咁想死,Coping
成日都冇計劃咁想去死,Coping
成日都冇計劃咁想自殺,Coping
成日都冇計劃o甘想死,Coping
成日都冇計劃o甘想去死,Coping
成日都冇計劃o甘想自殺,Coping
成日都無計劃咁想死,Coping
成日都無計劃咁想去死,Coping
成日都無計劃咁想自殺,Coping
成日都無計劃o甘想死,Coping
成日都無計劃o甘想去死,Coping
成日都無計劃o甘想自殺,Coping
冇計劃咁想死,Coping
冇計劃咁想去死,Coping
冇計劃咁想自殺,Coping
冇計劃o甘想死,Coping
冇計劃o甘想去死,Coping
冇計劃o甘想自殺,Coping
無計劃咁想死,Coping
無計劃咁想去死,Coping
無計劃咁想自殺,Coping
無計劃o甘想死,Coping
無計劃o甘想去死,Coping
無計劃o甘想自殺,Coping
經常都冇計劃咁想死,Coping
經常都冇計劃咁想去死,Coping
經常都冇計劃咁想自殺,Coping
經常都冇計劃o甘想死,Coping
經常都冇計劃o甘想去死,Coping
經常都冇計劃o甘想自殺,Coping
經常都無計劃咁想死,Coping
經常都無計劃咁想去死,Coping
經常都無計劃咁想自殺,Coping
經常都無計劃o甘想死,Coping
經常都無計劃o甘想去死,Coping
經常都無計劃o甘想自殺,Coping
時不時都冇計劃咁想死,Coping
時不時都冇計劃咁想去死,Coping
時不時都冇計劃咁想自殺,Coping
時不時都冇計劃o甘想死,Coping
時不時都冇計劃o甘想去死,Coping
時不時都冇計劃o甘想自殺,Coping
時不時都無計劃咁想死,Coping
時不時都無計劃咁想去死,Coping
時不時都無計劃咁想自殺,Coping
時不時都無計劃o甘想死,Coping
時不時都無計劃o甘想去死,Coping
時不時都無計劃o甘想自殺,Coping
成日冇計劃咁想死,Coping
成日冇計劃咁想去死,Coping
成日冇計劃咁想自殺,Coping
成日冇計劃o甘想死,Coping
成日冇計劃o甘想去死,Coping
成日冇計劃o甘想自殺,Coping
成日無計劃咁想死,Coping
成日無計劃咁想去死,Coping
成日無計劃咁想自殺,Coping
成日無計劃o甘想死,Coping
成日無計劃o甘想去死,Coping
成日無計劃o甘想自殺,Coping
經常冇計劃咁想死,Coping
經常冇計劃咁想去死,Coping
經常冇計劃咁想自殺,Coping
經常冇計劃o甘想死,Coping
經常冇計劃o甘想去死,Coping
經常冇計劃o甘想自殺,Coping
經常無計劃咁想死,Coping
經常無計劃咁想去死,Coping
經常無計劃咁想自殺,Coping
經常無計劃o甘想死,Coping
經常無計劃o甘想去死,Coping
經常無計劃o甘想自殺,Coping
時不時冇計劃咁想死,Coping
時不時冇計劃咁想去死,Coping
時不時冇計劃咁想自殺,Coping
時不時冇計劃o甘想死,Coping
時不時冇計劃o甘想去死,Coping
時不時冇計劃o甘想自殺,Coping
時不時無計劃咁想死,Coping
時不時無計劃咁想去死,Coping
時不時無計劃咁想自殺,Coping
時不時無計劃o甘想死,Coping
時不時無計劃o甘想去死,Coping
時不時無計劃o甘想自殺,Coping
成日即刻想死,Coping
成日即刻想去死,Coping
成日即刻想自殺,Coping
成日即刻好想死,Coping
成日即刻好想去死,Coping
成日即刻超想死,Coping
成日即刻超想去死,Coping
成日即刻勁想死,Coping
成日即刻勁想去死,Coping
即刻想死,Coping
即刻想去死,Coping
即刻想自殺,Coping
即刻好想死,Coping
即刻好想去死,Coping
即刻超想死,Coping
即刻超想去死,Coping
即刻勁想死,Coping
即刻勁想去死,Coping
經常即刻想死,Coping
經常即刻想去死,Coping
經常即刻想自殺,Coping
經常即刻好想死,Coping
經常即刻好想去死,Coping
經常即刻超想死,Coping
經常即刻超想去死,Coping
經常即刻勁想死,Coping
經常即刻勁想去死,Coping
時不時即刻想死,Coping
時不時即刻想去死,Coping
時不時即刻想自殺,Coping
時不時即刻好想死,Coping
時不時即刻好想去死,Coping
時不時即刻超想死,Coping
時不時即刻超想去死,Coping
時不時即刻勁想死,Coping
時不時即刻勁想去死,Coping
成日想自殺,Coping
成日好想自殺,Coping
成日超想自殺,Coping
成日勁想自殺,Coping
成日諗住自殺,Coping
成日諗住要自殺,Coping
成日諗住想自殺,Coping
經常想自殺,Coping
經常好想自殺,Coping
經常超想自殺,Coping
經常勁想自殺,Coping
經常諗住自殺,Coping
經常諗住要自殺,Coping
經常諗住想自殺,Coping
想自殺,Coping
諗自殺,Coping
想去自殺,Coping
好想自殺,Coping
超想自殺,Coping
勁想自殺,Coping
諗住自殺,Coping
諗緊自殺,Coping
諗緊去自殺,Coping
自殺諗法,Coping
諗住要自殺,Coping
諗住想自殺,Coping
時不時想自殺,Coping
時不時好想自殺,Coping
時不時超想自殺,Coping
時不時勁想自殺,Coping
時不時諗住自殺,Coping
時不時諗住要自殺,Coping
時不時諗住想自殺,Coping
成日都想自殺,Coping
成日都好想自殺,Coping
成日都超想自殺,Coping
成日都勁想自殺,Coping
成日都諗住自殺,Coping
成日都諗住要自殺,Coping
成日都諗住想自殺,Coping
經常都想自殺,Coping
經常都好想自殺,Coping
經常都超想自殺,Coping
經常都勁想自殺,Coping
經常都諗住自殺,Coping
經常都諗住要自殺,Coping
經常都諗住想自殺,Coping
時不時都想自殺,Coping
時不時都好想自殺,Coping
時不時都超想自殺,Coping
時不時都勁想自殺,Coping
時不時都諗住自殺,Coping
時不時都諗住要自殺,Coping
時不時都諗住想自殺,Coping
成日諗住去自殺,Coping
成日諗住要去自殺,Coping
成日諗住想去自殺,Coping
經常諗住去自殺,Coping
經常諗住要去自殺,Coping
經常諗住想去自殺,Coping
諗住去自殺,Coping
諗住要去自殺,Coping
諗住想去自殺,Coping
時不時諗住去自殺,Coping
時不時諗住要去自殺,Coping
時不時諗住想去自殺,Coping
成日都諗住去自殺,Coping
成日都諗住要去自殺,Coping
成日都諗住想去自殺,Coping
經常都諗住去自殺,Coping
經常都諗住要去自殺,Coping
經常都諗住想去自殺,Coping
時不時都諗住去自殺,Coping
時不時都諗住要去自殺,Coping
時不時都諗住想去自殺,Coping
成日諗住不如去自殺,Coping
成日諗住不如自殺,Coping
諗住不如去自殺,Coping
諗住不如自殺,Coping
不如去自殺,Coping
不如自殺,Coping
經常諗住不如去自殺,Coping
經常諗住不如自殺,Coping
時不時諗住不如去自殺,Coping
時不時諗住不如自殺,Coping
成日都諗住不如去自殺,Coping
成日都諗住不如自殺,Coping
經常都諗住不如去自殺,Coping
經常都諗住不如自殺,Coping
時不時都諗住不如去自殺,Coping
時不時都諗住不如自殺,Coping
有諗住自殺,Coping
諗過自殺,Coping
有自殺念頭,Coping
自殺念頭,Coping
自殺idea,Coping
打算自殺,Coping
計劃自殺,Coping
plan自殺,Coping
plan緊自殺,Coping
plan緊點自殺,Coping
有諗住去死,Coping
有諗住去自殺,Coping
有諗住點去自殺,Coping
有諗住點去死,Coping
有plan緊去自殺,Coping
有plan緊去死,Coping
有計劃去自殺,Coping
有計劃去死,Coping
有plan住去自殺,Coping
有plan住去死,Coping
plan緊去自殺,Coping
plan緊去死,Coping
計劃去自殺,Coping
計劃去死,Coping
有度緊點去自殺,Coping
有度緊點去死,Coping
有諗緊點去自殺,Coping
有諗緊點去死,Coping
度緊點去自殺,Coping
度緊點去死,Coping
諗緊點去自殺,Coping
諗緊點去死,Coping
plan緊點去自殺,Coping
plan緊點去死,Coping
plan緊點樣去自殺,Coping
plan緊點樣去死,Coping
諗緊點樣去自殺,Coping
諗緊點樣去死,Coping
度緊點樣去自殺,Coping
度緊點樣去死,Coping
計劃緊點樣去自殺,Coping
計劃緊點樣去死,Coping
計劃緊點去自殺,Coping
計劃緊點去死,Coping
有企圖去自殺,Coping
有企圖去死,Coping
有自殺plan,Coping
有自殺計劃,Coping
諗好自殺plan,Coping
諗好自殺計劃,Coping
度緊自殺plan,Coping
度緊自殺計劃,Coping
諗緊自殺plan,Coping
諗緊自殺計劃,Coping
打算去死,Coping
打算去自殺,Coping
諗住去死,Coping
plan去死,Coping
plan去自殺,Coping
諗好咗要點樣自殺,Coping
諗好咗要點樣死,Coping
諗好咗要點樣去死,Coping
諗好左要點樣自殺,Coping
諗好左要點樣死,Coping
諗好左要點樣去死,Coping
諗好o左要點樣自殺,Coping
諗好o左要點樣死,Coping
諗好o左要點樣去死,Coping
諗好jor要點樣自殺,Coping
諗好jor要點樣死,Coping
諗好jor要點樣去死,Coping
plan好咗要點樣自殺,Coping
plan好咗要點樣死,Coping
plan好咗要點樣去死,Coping
plan好左要點樣自殺,Coping
plan好左要點樣死,Coping
plan好左要點樣去死,Coping
plan好o左要點樣自殺,Coping
plan好o左要點樣死,Coping
plan好o左要點樣去死,Coping
plan好jor要點樣自殺,Coping
plan好jor要點樣死,Coping
plan好jor要點樣去死,Coping
度好咗要點樣自殺,Coping
度好咗要點樣死,Coping
度好咗要點樣去死,Coping
度好左要點樣自殺,Coping
度好左要點樣死,Coping
度好左要點樣去死,Coping
度好o左要點樣自殺,Coping
度好o左要點樣死,Coping
度好o左要點樣去死,Coping
度好jor要點樣自殺,Coping
度好jor要點樣死,Coping
度好jor要點樣去死,Coping
計劃好咗要點樣自殺,Coping
計劃好咗要點樣死,Coping
計劃好咗要點樣去死,Coping
計劃好左要點樣自殺,Coping
計劃好左要點樣死,Coping
計劃好左要點樣去死,Coping
計劃好o左要點樣自殺,Coping
計劃好o左要點樣死,Coping
計劃好o左要點樣去死,Coping
計劃好jor要點樣自殺,Coping
計劃好jor要點樣死,Coping
計劃好jor要點樣去死,Coping
計劃好咗點樣自殺,Coping
計劃好咗點樣死,Coping
計劃好咗點樣去死,Coping
計劃好左點樣自殺,Coping
計劃好左點樣死,Coping
計劃好左點樣去死,Coping
計劃好o左點樣自殺,Coping
計劃好o左點樣死,Coping
計劃好o左點樣去死,Coping
計劃好jor點樣自殺,Coping
計劃好jor點樣死,Coping
計劃好jor點樣去死,Coping
plan好咗點樣自殺,Coping
plan好咗點樣死,Coping
plan好咗點樣去死,Coping
plan好左點樣自殺,Coping
plan好左點樣死,Coping
plan好左點樣去死,Coping
plan好o左點樣自殺,Coping
plan好o左點樣死,Coping
plan好o左點樣去死,Coping
plan好jor點樣自殺,Coping
plan好jor點樣死,Coping
plan好jor點樣去死,Coping
諗好咗點樣自殺,Coping
諗好咗點樣死,Coping
諗好咗點樣去死,Coping
諗好左點樣自殺,Coping
諗好左點樣死,Coping
諗好左點樣去死,Coping
諗好o左點樣自殺,Coping
諗好o左點樣死,Coping
諗好o左點樣去死,Coping
諗好jor點樣自殺,Coping
諗好jor點樣死,Coping
諗好jor點樣去死,Coping
度好咗點樣自殺,Coping
度好咗點樣死,Coping
度好咗點樣去死,Coping
度好左點樣自殺,Coping
度好左點樣死,Coping
度好左點樣去死,Coping
度好o左點樣自殺,Coping
度好o左點樣死,Coping
度好o左點樣去死,Coping
度好jor點樣自殺,Coping
度好jor點樣死,Coping
度好jor點樣去死,Coping
試過去死,Coping
試過去自殺,Coping
試過自殺,Coping
真係郁手自殺,Coping
試過真係去死,Coping
試過真係去自殺,Coping
試過真係自殺,Coping
真係去自殺,Coping
真係去死,Coping
去試下死,Coping
去試下自殺,Coping
去試o下死,Coping
去試o下自殺,Coping
去試吓死,Coping
去試吓自殺,Coping
試下去死,Coping
試下自殺,Coping
試下去自殺,Coping
試下真係去自殺,Coping
試下真係自殺,Coping
試下真係去死,Coping
試o下去死,Coping
試o下自殺,Coping
試o下去自殺,Coping
試o下真係去自殺,Coping
試o下真係自殺,Coping
試o下真係去死,Coping
試吓去死,Coping
試吓自殺,Coping
試吓去自殺,Coping
試吓真係去自殺,Coping
試吓真係自殺,Coping
試吓真係去死,Coping
真係去試下死,Coping
真係去試下自殺,Coping
真係去試o下死,Coping
真係去試o下自殺,Coping
真係去試吓死,Coping
真係去試吓自殺,Coping
自己怪自己,Coping
自己怪責自己,Coping
自己怪落自己度,Coping
好自責,Coping
超自責,Coping
超級自責,Coping
極自責,Coping
責怪自己,Coping
怪自己點解,Coping
,
,
,
,
,
,
,
,
,
,
,
,
,
,
,
,
,
,
,
,
,
,
,
,
,
,
,
,
,
,
,
,
,
,
,
,
,
,
,
,
,
,
,
,
,
,
,
,
,
,
,
,
,
,
,
,
,
,
,
,
,
,
,
,
,
,
,
,
,
,
,
,
,
,
,
,
,
,
,
,
,
,
,
,
,
,
,
,
,
,
,
,
,
,
,
,
,
,
,
,
,
,
,
,
,
,
,
,
,
,
,
,
,
,
,
,
,
,
,
,
,
,
,
,
,
,
,
,
,
,
,
,
,
,
,
,
,
,
,
,
,
,
,
,
,
,
,
,
,
,
,
,
,
,
,
,
,
,
,
,
,
,
,
,
,
,
,
,
,
,
,
,
,
,
,
,
,
,
,
,
,
,
,
,
,
,
,
,
,
,
,
,
,
,
,
,
,
,
,
,
,
,
,
,
,
,
,
,
,
,
,
,
,
,
,
,
,
,
,
,
,
,
,
,
,
,
,
,
,
,
,
,
,
,
,
,
,
,
,
,
,
,
,
,
,
,
,
,
,
,
,
,
,
,
,
,
,
,
,
,
,
,
,
,
,
,
,
,
,
,
,
,
,
,
,
,
,
,
,
,
,
,
,
,
,
,
,
,
,
,
,
,
,
,
,
,
,
,
,
,
,
,
,
,
,
,
,
,
,
,
,
,
,
,
,
,
,
,
,
,
,
,
,
,
,
,
,
,
,
,
,
,
,
,
,
,
,
,
,
,
,
,
,
,
,
,
,
,
,
,
,
,
,
,
,
,
,
,
,
,
,
,
,
,
,
,
,
,
,
,
,
,
,
,
,
,
,
,
,
,
,
,
,
,
,
,
,
,
,
,
,
,
,
,
,
,
,
,
,
,
,
,
,
,
,
,
,
,
,
,
,
,
,
,
,
,
,
,
,
,
,
,
,
,
,
,
,
,
,
,
,
,
,
,
,
,
,
,
,
,
,
,
,
,
,
,
,
,
,
,
,
,
,
,
,
,
,
,
,
,
,
,
,
,
,
,
,
,
,
,
,
,
,
,
,
,
,
,
,
,
,
,
,
,
,
,
,
,
,
,
,
,
,
,
,
,
,
,
,
,
,
,
,
,
,
,
,
,
,
,
,
,
,
,
,
,
,
,
,
,
,
,
,
,
,
,
,
,
,
,
,
,
,
,
,
,
,
,
,
,
,
,
,
,
,
,
,
,
,
,
,
,
,
,
,
,
,
,
,
,
,
,
,
,
,
,
,
,
,
,
,
,
,
,
,
,
,
,
,
,
,
,
,
,
,
,
,
,
,
,
,
,
,
,
,
,
,
,
,
,
,
,
,
,
,
,
,
,
,
,
,
,
,
,
,
,
,
,
,
,
,
,
,
,
,
,
,
,
,
,
,
,
,
,
,
,
,
,
,
,
,
,
,
,
,
,
,
,
,
,
,
,
,
,
,
,
,
,
,
,
,
,
,
,
,
,
,
,
,
,
,
,
,
,
,
,
,
,
,
,
,
,
,
,
,
,
,
,
,
,
,
,
,
,
,
,
,
,
