﻿Term,Parent
5再理自己ge性趣,Depression
5再理自己ge興趣,Depression
5再理自己o既性趣,Depression
5再理自己o既興趣,Depression
5再理自己既性趣,Depression
5再理自己既興趣,Depression
5再理自己嘅性趣,Depression
5再理自己嘅興趣,Depression
5再識得快樂,Depression
5再識得開心,Depression
5肯認自己5開心,Depression
5肯認自己o吾開心,Depression
5肯認自己sad,Depression
5肯認自己吾開心,Depression
5肯認自己唔開心,Depression
5相郁,Depression
5相認自己5開心,Depression
5相認自己o吾開心,Depression
5相認自己sad,Depression
5相認自己吾開心,Depression
5相認自己唔開心,Depression
5相講o野,Depression
5相講野,Depression
5相講嘢,Depression
5開心,Depression
5想郁,Depression
5想認自己5開心,Depression
5想認自己o吾開心,Depression
5想認自己sad,Depression
5想認自己吾開心,Depression
5想認自己唔開心,Depression
5想講o野,Depression
5想講野,Depression
5想講嘢,Depression
5認自己5開心,Depression
5認自己down,Depression
5認自己o吾開心,Depression
5認自己sad,Depression
5認自己吾開心,Depression
5認自己唔開心,Depression
5講o野,Depression
5講野,Depression
5講嘢,Depression
5識快樂,Depression
5識得快樂,Depression
5識得開心,Depression
5識開心,Depression
5願認自己5開心,Depression
5願認自己o吾開心,Depression
5願認自己sad,Depression
5願認自己吾開心,Depression
5願認自己唔開心,Depression
5覺得快樂,Depression
5覺得開心,Depression
depress,Depression
depressed,Depression
feel 5到開心,Depression
feel 5倒開心,Depression
feel o吾到開心,Depression
feel o吾倒開心,Depression
feel 唔到開心,Depression
feel 唔倒開心,Depression
feel吾到開心,Depression
feel吾倒開心,Depression
feel唔到開心,Depression
feel唔倒開心,Depression
o吾再理自己ge性趣,Depression
o吾再理自己ge興趣,Depression
o吾再理自己o既性趣,Depression
o吾再理自己o既興趣,Depression
o吾再理自己既性趣,Depression
o吾再理自己既興趣,Depression
o吾再理自己嘅性趣,Depression
o吾再理自己嘅興趣,Depression
o吾再識得快樂,Depression
o吾再識得開心,Depression
o吾肯認自己5開心,Depression
o吾肯認自己o吾開心,Depression
o吾肯認自己sad,Depression
o吾肯認自己吾開心,Depression
o吾肯認自己唔開心,Depression
o吾相郁,Depression
o吾相認自己5開心,Depression
o吾相認自己o吾開心,Depression
o吾相認自己sad,Depression
o吾相認自己吾開心,Depression
o吾相認自己唔開心,Depression
o吾相講o野,Depression
o吾相講野,Depression
o吾相講嘢,Depression
o吾開心,Depression
o吾想郁,Depression
o吾想認自己5開心,Depression
o吾想認自己o吾開心,Depression
o吾想認自己sad,Depression
o吾想認自己吾開心,Depression
o吾想認自己唔開心,Depression
o吾想講o野,Depression
o吾想講野,Depression
o吾想講嘢,Depression
o吾認自己5開心,Depression
o吾認自己down,Depression
o吾認自己o吾開心,Depression
o吾認自己sad,Depression
o吾認自己吾開心,Depression
o吾認自己唔開心,Depression
o吾講o野,Depression
o吾講野,Depression
o吾講嘢,Depression
o吾識快樂,Depression
o吾識得快樂,Depression
o吾識得開心,Depression
o吾識開心,Depression
o吾願認自己5開心,Depression
o吾願認自己o吾開心,Depression
o吾願認自己sad,Depression
o吾願認自己吾開心,Depression
o吾願認自己唔開心,Depression
o咩o野都5相做,Depression
o咩o野都5想做,Depression
o咩o野都o吾相做,Depression
o咩o野都o吾想做,Depression
o咩o野都吾相做,Depression
o咩o野都吾想做,Depression
o咩o野都唔相做,Depression
o咩o野都唔想做,Depression
o咩都5相做,Depression
o咩都5想做,Depression
o咩都o吾相做,Depression
o咩都o吾想做,Depression
o咩都吾相做,Depression
o咩都吾想做,Depression
o咩都唔相做,Depression
o咩都唔想做,Depression
o咩野都5相做,Depression
o咩野都5想做,Depression
o咩野都o吾相做,Depression
o咩野都o吾想做,Depression
o咩野都吾相做,Depression
o咩野都吾想做,Depression
o咩野都唔相做,Depression
o咩野都唔想做,Depression
o咩嘢都5相做,Depression
o咩嘢都5想做,Depression
o咩嘢都o吾相做,Depression
o咩嘢都o吾想做,Depression
o咩嘢都吾相做,Depression
o咩嘢都吾想做,Depression
o咩嘢都唔相做,Depression
o咩嘢都唔想做,Depression
乜o野都5相做,Depression
乜o野都5想做,Depression
乜o野都o吾相做,Depression
乜o野都o吾想做,Depression
乜o野都吾相做,Depression
乜o野都吾想做,Depression
乜o野都唔相做,Depression
乜o野都唔想做,Depression
乜都5相做,Depression
乜都5想做,Depression
乜都o吾相做,Depression
乜都o吾想做,Depression
乜都吾相做,Depression
乜都吾想做,Depression
乜都唔相做,Depression
乜都唔想做,Depression
乜野都5相做,Depression
乜野都5想做,Depression
乜野都o吾相做,Depression
乜野都o吾想做,Depression
乜野都吾相做,Depression
乜野都吾想做,Depression
乜野都唔相做,Depression
乜野都唔想做,Depression
乜嘢都5相做,Depression
乜嘢都5想做,Depression
乜嘢都o吾相做,Depression
乜嘢都o吾想做,Depression
乜嘢都吾相做,Depression
乜嘢都吾想做,Depression
乜嘢都唔相做,Depression
乜嘢都唔想做,Depression
人生冇意義,Depression
人生好冇意義,Depression
人生好無意義,Depression
人生無意義,Depression
小小o野都諗得好負面,Depression
小小o野就覺得好有挫折感,Depression
小小o野就覺得好有挫敗感,Depression
小小o野就覺得自己failed,Depression
小小o野就覺得自己好fail,Depression
小小o野就覺得自己好失敗,Depression
小小o野就覺得自己勁失敗,Depression
小小o野就覺得自己超失敗,Depression
小小事都諗得好負面,Depression
小小野都諗得好負面,Depression
小小野就覺得好有挫折感,Depression
小小野就覺得好有挫敗感,Depression
小小野就覺得自己failed,Depression
小小野就覺得自己好fail,Depression
小小野就覺得自己好失敗,Depression
小小野就覺得自己勁失敗,Depression
小小野就覺得自己超失敗,Depression
小小嘢都諗得好負面,Depression
小小嘢就覺得好有挫折感,Depression
小小嘢就覺得好有挫敗感,Depression
小小嘢就覺得自己failed,Depression
小小嘢就覺得自己好fail,Depression
小小嘢就覺得自己好失敗,Depression
小小嘢就覺得自己勁失敗,Depression
小小嘢就覺得自己超失敗,Depression
冇jor開心ge感覺,Depression
冇jor開心o既感覺,Depression
冇jor開心既感覺,Depression
冇jor開心嘅感覺,Depression
冇o左開心ge感覺,Depression
冇o左開心o既感覺,Depression
冇o左開心既感覺,Depression
冇o左開心嘅感覺,Depression
冇o西希望,Depression
冇o西動力,Depression
冇o咩胃口,Depression
冇o咩動力,Depression
冇乜胃口,Depression
冇乜動力,Depression
冇左開心ge感覺,Depression
冇左開心o既感覺,Depression
冇左開心既感覺,Depression
冇左開心嘅感覺,Depression
冇咗開心ge感覺,Depression
冇咗開心o既感覺,Depression
冇咗開心既感覺,Depression
冇咗開心嘅感覺,Depression
冇咩胃口,Depression
冇咩動力,Depression
冇胃口,Depression
冇晒希望,Depression
冇晒動力,Depression
冇動力,Depression
冇動力做o野,Depression
冇動力做野,Depression
冇動力做嘢,Depression
冇精力,Depression
少少o野都諗得好負面,Depression
少少o野就覺得好有挫折感,Depression
少少o野就覺得好有挫敗感,Depression
少少o野就覺得自己failed,Depression
少少o野就覺得自己好fail,Depression
少少o野就覺得自己好失敗,Depression
少少o野就覺得自己勁失敗,Depression
少少o野就覺得自己超失敗,Depression
少少事都諗得好負面,Depression
少少野都諗得好負面,Depression
少少野就覺得好有挫折感,Depression
少少野就覺得好有挫敗感,Depression
少少野就覺得自己failed,Depression
少少野就覺得自己好fail,Depression
少少野就覺得自己好失敗,Depression
少少野就覺得自己勁失敗,Depression
少少野就覺得自己超失敗,Depression
少少嘢都諗得好負面,Depression
少少嘢就覺得好有挫折感,Depression
少少嘢就覺得好有挫敗感,Depression
少少嘢就覺得自己failed,Depression
少少嘢就覺得自己好fail,Depression
少少嘢就覺得自己好失敗,Depression
少少嘢就覺得自己勁失敗,Depression
少少嘢就覺得自己超失敗,Depression
心好攰,Depression
心勁攰,Depression
心很累,Depression
心情好差,Depression
心情勁差,Depression
心情超差,Depression
心情超級差,Depression
心情極差,Depression
心景好差,Depression
心景勁差,Depression
心景超差,Depression
心景超級差,Depression
心景極差,Depression
心超攰,Depression
心境好差,Depression
心境勁差,Depression
心境超差,Depression
心境超級差,Depression
心境極差,Depression
失去o西所有性趣,Depression
失去o西所有興趣,Depression
失去晒所有性趣,Depression
失去晒所有興趣,Depression
生存冇意義,Depression
生存好冇意義,Depression
生存好無意義,Depression
生存無意義,Depression
生存落去冇意義,Depression
生存落去好冇意義,Depression
生存落去好無意義,Depression
生存落去無意義,Depression
生命冇希望,Depression
生命無希望,Depression
生活冇意義,Depression
生活好冇意義,Depression
生活好無意義,Depression
生活無意義,Depression
仰屈,Depression
仰郁,Depression
仰壓,Depression
仰鬱,Depression
仰鬱緊張,Depression
好5開心,Depression
好o吾開心,Depression
好sad,Depression
好仰鬱,Depression
好有挫折感,Depression
好有挫敗感,Depression
好自卑,Depression
好冷漠,Depression
好吾開心,Depression
好抑屈,Depression
好抑郁,Depression
好抑壓,Depression
好抑鬱,Depression
好事發生都5開心,Depression
好事發生都o吾開心,Depression
好事發生都吾開心,Depression
好事發生都唔開心,Depression
好屈悶,Depression
好屈結,Depression
好易攰,Depression
好易覺得攰,Depression
好易覺得自己好差,Depression
好易覺得自己差,Depression
好易覺得自卑,Depression
好郁悶,Depression
好郁結,Depression
好唔開心,Depression
好容易攰,Depression
好容易覺得攰,Depression
好無力 ,Depression
好絕望,Depression
好憂屈,Depression
好憂郁,Depression
好憂鬱,Depression
好嬲,Depression
好難make decision,Depression
好難去做到決定,Depression
好難去做倒決定,Depression
好難決定任何o野,Depression
好難決定任何野,Depression
好難決定任何嘢,Depression
好難決定到任何o野,Depression
好難決定到任何野,Depression
好難決定到任何嘢,Depression
好難決定倒任何o野,Depression
好難決定倒任何野,Depression
好難決定倒任何嘢,Depression
好難做決定,Depression
好難做到決定,Depression
好難做倒決定,Depression
好難開心到,Depression
好難開心倒,Depression
好難落決定,Depression
好難落到決定,Depression
好難落倒決定,Depression
好鬱悶,Depression
好鬱結,Depression
成日好5開心,Depression
成日好down,Depression
成日好o吾開心,Depression
成日好仰鬱,Depression
成日好吾開心,Depression
成日好抑屈,Depression
成日好抑郁,Depression
成日好抑壓,Depression
成日好抑鬱,Depression
成日好唔開心,Depression
成日好憂鬱,Depression
成日都好5開心,Depression
成日都好down,Depression
成日都好o吾開心,Depression
成日都好仰鬱,Depression
成日都好吾開心,Depression
成日都好抑屈,Depression
成日都好抑郁,Depression
成日都好抑壓,Depression
成日都好抑鬱,Depression
成日都好唔開心,Depression
成日都好憂鬱,Depression
成日都對人好sensitive,Depression
成日都對人好敏感,Depression
成日對人好sensitive,Depression
成日對人好敏感,Depression
自己冇價值,Depression
自己正一垃圾,Depression
自己正一廢柴,Depression
自己好5得,Depression
自己好5掂,Depression
自己好o吾得,Depression
自己好o吾掂,Depression
自己好冇用,Depression
自己好失敗,Depression
自己好似垃圾,Depression
自己好吾得,Depression
自己好吾掂,Depression
自己好垃圾,Depression
自己好唔得,Depression
自己好唔掂,Depression
自己好無用,Depression
自己好廢,Depression
自己成條廢柴,Depression
自己系廢柴,Depression
自己係廢柴,Depression
自己勁冇用,Depression
自己勁失敗,Depression
自己勁無用,Depression
自己無價值,Depression
自己超5得,Depression
自己超5掂,Depression
自己超o吾得,Depression
自己超o吾掂,Depression
自己超冇用,Depression
自己超吾得,Depression
自己超吾掂,Depression
自己超唔得,Depression
自己超唔掂,Depression
自己超無用,Depression
自己極失敗,Depression
吾再理自己ge性趣,Depression
吾再理自己ge興趣,Depression
吾再理自己o既性趣,Depression
吾再理自己o既興趣,Depression
吾再理自己既性趣,Depression
吾再理自己既興趣,Depression
吾再理自己嘅性趣,Depression
吾再理自己嘅興趣,Depression
吾再識得快樂,Depression
吾再識得開心,Depression
吾肯認自己5開心,Depression
吾肯認自己o吾開心,Depression
吾肯認自己sad,Depression
吾肯認自己吾開心,Depression
吾肯認自己唔開心,Depression
吾相郁,Depression
吾相認自己5開心,Depression
吾相認自己o吾開心,Depression
吾相認自己sad,Depression
吾相認自己吾開心,Depression
吾相認自己唔開心,Depression
吾相講o野,Depression
吾相講野,Depression
吾相講嘢,Depression
吾開心,Depression
吾想郁,Depression
吾想認自己5開心,Depression
吾想認自己o吾開心,Depression
吾想認自己sad,Depression
吾想認自己吾開心,Depression
吾想認自己唔開心,Depression
吾想講o野,Depression
吾想講野,Depression
吾想講嘢,Depression
吾認自己5開心,Depression
吾認自己down,Depression
吾認自己o吾開心,Depression
吾認自己sad,Depression
吾認自己吾開心,Depression
吾認自己唔開心,Depression
吾講o野,Depression
吾講野,Depression
吾講嘢,Depression
吾識快樂,Depression
吾識得快樂,Depression
吾識得開心,Depression
吾識開心,Depression
吾願認自己5開心,Depression
吾願認自己o吾開心,Depression
吾願認自己sad,Depression
吾願認自己吾開心,Depression
吾願認自己唔開心,Depression
吾覺得快樂,Depression
吾覺得開心,Depression
扯自己皮膚,Depression
扯自己件衫,Depression
扯自己衫,Depression
抑屈,Depression
抑屈緊張,Depression
抑郁,Depression
抑郁緊張,Depression
抑壓,Depression
抑鬱,Depression
抑鬱緊張,Depression
沉溺o係喪失ge痛,Depression
沉溺o係喪失o既痛,Depression
沉溺o係喪失既痛,Depression
沉溺o係喪失嘅痛,Depression
沉溺o係悲傷,Depression
沉溺o係悲傷入面,Depression
沉溺系喪失ge痛,Depression
沉溺系喪失o既痛,Depression
沉溺系喪失既痛,Depression
沉溺系喪失嘅痛,Depression
沉溺系悲傷,Depression
沉溺系悲傷入面,Depression
沉溺係喪失ge痛,Depression
沉溺係喪失o既痛,Depression
沉溺係喪失既痛,Depression
沉溺係喪失嘅痛,Depression
沉溺係悲傷,Depression
沉溺係悲傷入面,Depression
沉溺喺喪失ge痛,Depression
沉溺喺喪失o既痛,Depression
沉溺喺喪失既痛,Depression
沉溺喺喪失嘅痛,Depression
沉溺喺悲傷,Depression
沉溺喺悲傷入面,Depression
沉溺響喪失ge痛,Depression
沉溺響喪失o既痛,Depression
沉溺響喪失既痛,Depression
沉溺響喪失嘅痛,Depression
沉溺響悲傷,Depression
沉溺響悲傷入面,Depression
男女男,Depression
系o甘亂同人上床,Depression
系o甘亂同人上牀,Depression
系o甘亂同人搞,Depression
系o甘亂同人搞o野,Depression
系o甘亂同人搞野,Depression
系o甘亂同人搞嘢,Depression
系o甘亂投資,Depression
系o甘亂買o野,Depression
系o甘亂買野,Depression
系o甘亂買嘢,Depression
系甘亂同人上床,Depression
系甘亂同人上牀,Depression
系甘亂同人搞,Depression
系甘亂同人搞o野,Depression
系甘亂同人搞野,Depression
系甘亂同人搞嘢,Depression
系甘亂投資,Depression
系甘亂買o野,Depression
系甘亂買野,Depression
系甘亂買嘢,Depression
系咁亂同人上床,Depression
系咁亂同人上牀,Depression
系咁亂同人搞,Depression
系咁亂同人搞o野,Depression
系咁亂同人搞野,Depression
系咁亂同人搞嘢,Depression
系咁亂投資,Depression
系咁亂買o野,Depression
系咁亂買野,Depression
系咁亂買嘢,Depression
周身好痛,Depression
周身勁痛,Depression
周身超級痛,Depression
周身超痛,Depression
周身極痛,Depression
孤獨感,Depression
屈結,Depression
弧獨,Depression
弧獨感,Depression
放低自己ge性趣,Depression
放低自己ge興趣,Depression
放低自己o既性趣,Depression
放低自己o既興趣,Depression
放低自己既性趣,Depression
放低自己既興趣,Depression
放低自己嘅性趣,Depression
放低自己嘅興趣,Depression
易覺得自己好差,Depression
易覺得自己差,Depression
易覺得自卑,Depression
狐獨,Depression
狐獨感,Depression
長期都對人好sensitive,Depression
長期都對人好敏感,Depression
長期對人好sensitive,Depression
長期對人好敏感,Depression
係o咁亂同人上床,Depression
係o咁亂同人上牀,Depression
係o咁亂同人搞,Depression
係o咁亂同人搞o野,Depression
係o咁亂同人搞野,Depression
係o咁亂同人搞嘢,Depression
係o咁亂投資,Depression
係o咁亂買o野,Depression
係o咁亂買野,Depression
係o咁亂買嘢,Depression
係甘亂同人上床,Depression
係甘亂同人上牀,Depression
係甘亂同人搞,Depression
係甘亂同人搞o野,Depression
係甘亂同人搞野,Depression
係甘亂同人搞嘢,Depression
係甘亂投資,Depression
係甘亂買o野,Depression
係甘亂買野,Depression
係甘亂買嘢,Depression
係咁亂同人上床,Depression
係咁亂同人上牀,Depression
係咁亂同人搞,Depression
係咁亂同人搞o野,Depression
係咁亂同人搞野,Depression
係咁亂同人搞嘢,Depression
係咁亂投資,Depression
係咁亂買o野,Depression
係咁亂買野,Depression
係咁亂買嘢,Depression
勁5開心,Depression
勁o吾開心,Depression
勁仰鬱,Depression
勁有挫折感,Depression
勁有挫敗感,Depression
勁自卑,Depression
勁冷漠,Depression
勁吾開心,Depression
勁抑屈,Depression
勁抑郁,Depression
勁抑壓,Depression
勁抑鬱,Depression
勁屈悶,Depression
勁屈結,Depression
勁郁悶,Depression
勁郁結,Depression
勁唔開心,Depression
勁絕望,Depression
勁憂屈,Depression
勁憂郁,Depression
勁憂鬱,Depression
勁鬱悶,Depression
勁鬱結,Depression
咩o野都5相做,Depression
咩o野都5想做,Depression
咩o野都o吾相做,Depression
咩o野都o吾想做,Depression
咩o野都吾相做,Depression
咩o野都吾想做,Depression
咩o野都唔相做,Depression
咩o野都唔想做,Depression
咩都5相做,Depression
咩都5想做,Depression
咩都o吾相做,Depression
咩都o吾想做,Depression
咩都吾相做,Depression
咩都吾想做,Depression
咩都唔相做,Depression
咩都唔想做,Depression
咩野都5相做,Depression
咩野都5想做,Depression
咩野都o吾相做,Depression
咩野都o吾想做,Depression
咩野都吾相做,Depression
咩野都吾想做,Depression
咩野都唔相做,Depression
咩野都唔想做,Depression
咩嘢都5相做,Depression
咩嘢都5想做,Depression
咩嘢都o吾相做,Depression
咩嘢都o吾想做,Depression
咩嘢都吾相做,Depression
咩嘢都吾想做,Depression
咩嘢都唔相做,Depression
咩嘢都唔想做,Depression
咸5出,Depression
咸o吾出,Depression
咸吾出,Depression
咸唔出,Depression
持續性仰鬱,Depression
持續性抑屈,Depression
持續性抑郁,Depression
持續性抑鬱,Depression
持續性憂鬱,Depression
相咸,Depression
相哭,Depression
相喊,Depression
胃口好差,Depression
胃口勁5好,Depression
胃口勁o吾好,Depression
胃口勁吾好,Depression
胃口勁唔好,Depression
胃口勁差,Depression
胃口差,Depression
胃口超5好,Depression
胃口超o吾好,Depression
胃口超吾好,Depression
胃口超唔好,Depression
胃口超差,Depression
胃口超級5好,Depression
胃口超級o吾好,Depression
胃口超級吾好,Depression
胃口超級唔好,Depression
胃口超級差,Depression
胃口轉差,Depression
胃口變差,Depression
負面情緒,Depression
郁d就好有挫折感,Depression
郁d就好有挫敗感,Depression
郁d就勁有挫折感,Depression
郁d就勁有挫敗感,Depression
郁d就超有挫折感,Depression
郁d就超有挫敗感,Depression
郁d就覺得自己好fail,Depression
郁d就覺得自己好失敗,Depression
郁d就覺得自己勁失敗,Depression
郁d就覺得自己超失敗,Depression
郁d覺得自己failed,Depression
郁d覺得自己好fail,Depression
郁d覺得自己好失敗,Depression
郁d覺得自己勁fail,Depression
郁d覺得自己勁失敗,Depression
郁d覺得自己超fail,Depression
郁d覺得自己超失敗,Depression
郁o下就覺得自己好fail,Depression
郁o下就覺得自己好失敗,Depression
郁o下就覺得自己勁失敗,Depression
郁o下就覺得自己超失敗,Depression
郁o下覺得自己好fail,Depression
郁o下覺得自己好失敗,Depression
郁o下覺得自己勁失敗,Depression
郁o下覺得自己超失敗,Depression
郁o的就好有挫折感,Depression
郁o的就好有挫敗感,Depression
郁o的就勁有挫折感,Depression
郁o的就勁有挫敗感,Depression
郁o的就超有挫折感,Depression
郁o的就超有挫敗感,Depression
郁o的就覺得自己好fail,Depression
郁o的就覺得自己好失敗,Depression
郁o的就覺得自己勁失敗,Depression
郁o的就覺得自己超失敗,Depression
郁o的覺得自己failed,Depression
郁o的覺得自己好fail,Depression
郁o的覺得自己好失敗,Depression
郁o的覺得自己勁fail,Depression
郁o的覺得自己勁失敗,Depression
郁o的覺得自己超fail,Depression
郁o的覺得自己超失敗,Depression
郁下就好有挫折感,Depression
郁下就好有挫敗感,Depression
郁下就勁有挫折感,Depression
郁下就勁有挫敗感,Depression
郁下就超有挫折感,Depression
郁下就超有挫敗感,Depression
郁下就覺得自己好fail,Depression
郁下就覺得自己好失敗,Depression
郁下就覺得自己勁失敗,Depression
郁下就覺得自己超失敗,Depression
郁下覺得自己failed,Depression
郁下覺得自己好fail,Depression
郁下覺得自己好失敗,Depression
郁下覺得自己勁fail,Depression
郁下覺得自己勁失敗,Depression
郁下覺得自己超fail,Depression
郁下覺得自己超失敗,Depression
郁吓就好有挫折感,Depression
郁吓就好有挫敗感,Depression
郁吓就勁有挫折感,Depression
郁吓就勁有挫敗感,Depression
郁吓就超有挫折感,Depression
郁吓就超有挫敗感,Depression
郁吓就覺得自己好fail,Depression
郁吓就覺得自己好失敗,Depression
郁吓就覺得自己勁失敗,Depression
郁吓就覺得自己超失敗,Depression
郁吓覺得自己failed,Depression
郁吓覺得自己好fail,Depression
郁吓覺得自己好失敗,Depression
郁吓覺得自己勁fail,Depression
郁吓覺得自己勁失敗,Depression
郁吓覺得自己超fail,Depression
郁吓覺得自己超失敗,Depression
郁啲就好有挫折感,Depression
郁啲就好有挫敗感,Depression
郁啲就勁有挫折感,Depression
郁啲就勁有挫敗感,Depression
郁啲就超有挫折感,Depression
郁啲就超有挫敗感,Depression
郁啲就覺得自己好fail,Depression
郁啲就覺得自己好失敗,Depression
郁啲就覺得自己勁失敗,Depression
郁啲就覺得自己超失敗,Depression
郁啲覺得自己failed,Depression
郁啲覺得自己好fail,Depression
郁啲覺得自己好失敗,Depression
郁啲覺得自己勁fail,Depression
郁啲覺得自己勁失敗,Depression
郁啲覺得自己超fail,Depression
郁啲覺得自己超失敗,Depression
郁結,Depression
重度仰鬱,Depression
重度抑屈,Depression
重度抑郁,Depression
重度抑鬱,Depression
重度憂鬱,Depression
食5落o野,Depression
食5落野,Depression
食5落嘢,Depression
食o吾落o野,Depression
食o吾落野,Depression
食o吾落嘢,Depression
食吾落o野,Depression
食吾落野,Depression
食吾落嘢,Depression
食唔落o野,Depression
食唔落野,Depression
食唔落嘢,Depression
個人feel到好仰鬱,Depression
個人feel到好抑屈,Depression
個人feel到好抑郁,Depression
個人feel到好抑壓,Depression
個人feel到好抑鬱,Depression
個人feel到好憂屈,Depression
個人feel到好憂郁,Depression
個人feel到好憂鬱,Depression
個人feel到勁仰鬱,Depression
個人feel到勁抑屈,Depression
個人feel到勁抑郁,Depression
個人feel到勁抑壓,Depression
個人feel到勁抑鬱,Depression
個人feel到勁憂屈,Depression
個人feel到勁憂郁,Depression
個人feel到勁憂鬱,Depression
個人feel到超仰鬱,Depression
個人feel到超抑屈,Depression
個人feel到超抑郁,Depression
個人feel到超抑壓,Depression
個人feel到超抑鬱,Depression
個人feel到超級仰鬱,Depression
個人feel到超級抑屈,Depression
個人feel到超級抑郁,Depression
個人feel到超級抑壓,Depression
個人feel到超級抑鬱,Depression
個人feel到超級憂屈,Depression
個人feel到超級憂郁,Depression
個人feel到超級憂鬱,Depression
個人feel到超憂屈,Depression
個人feel到超憂郁,Depression
個人feel到超憂鬱,Depression
個人feel到極仰鬱,Depression
個人feel到極抑屈,Depression
個人feel到極抑郁,Depression
個人feel到極抑壓,Depression
個人feel到極抑鬱,Depression
個人feel到極憂屈,Depression
個人feel到極憂郁,Depression
個人feel到極憂鬱,Depression
個人feel倒好仰鬱,Depression
個人feel倒好抑屈,Depression
個人feel倒好抑郁,Depression
個人feel倒好抑壓,Depression
個人feel倒好抑鬱,Depression
個人feel倒好憂屈,Depression
個人feel倒好憂郁,Depression
個人feel倒好憂鬱,Depression
個人feel倒勁仰鬱,Depression
個人feel倒勁抑屈,Depression
個人feel倒勁抑郁,Depression
個人feel倒勁抑壓,Depression
個人feel倒勁抑鬱,Depression
個人feel倒勁憂屈,Depression
個人feel倒勁憂郁,Depression
個人feel倒勁憂鬱,Depression
個人feel倒超仰鬱,Depression
個人feel倒超抑屈,Depression
個人feel倒超抑郁,Depression
個人feel倒超抑壓,Depression
個人feel倒超抑鬱,Depression
個人feel倒超級仰鬱,Depression
個人feel倒超級抑屈,Depression
個人feel倒超級抑郁,Depression
個人feel倒超級抑壓,Depression
個人feel倒超級抑鬱,Depression
個人feel倒超級憂屈,Depression
個人feel倒超級憂郁,Depression
個人feel倒超級憂鬱,Depression
個人feel倒超憂屈,Depression
個人feel倒超憂郁,Depression
個人feel倒超憂鬱,Depression
個人feel倒極仰鬱,Depression
個人feel倒極抑屈,Depression
個人feel倒極抑郁,Depression
個人feel倒極抑壓,Depression
個人feel倒極抑鬱,Depression
個人feel倒極憂屈,Depression
個人feel倒極憂郁,Depression
個人feel倒極憂鬱,Depression
個人冇o西希望,Depression
個人冇晒希望,Depression
個人好5開心,Depression
個人好o吾開心,Depression
個人好sad,Depression
個人好仰鬱,Depression
個人好吾開心,Depression
個人好抑屈,Depression
個人好抑郁,Depression
個人好抑壓,Depression
個人好抑鬱,Depression
個人好唔開心,Depression
個人好憂屈,Depression
個人好憂郁,Depression
個人好憂鬱,Depression
個人勁仰鬱,Depression
個人勁抑屈,Depression
個人勁抑郁,Depression
個人勁抑壓,Depression
個人勁抑鬱,Depression
個人勁負面,Depression
個人勁憂屈,Depression
個人勁憂郁,Depression
個人勁憂鬱,Depression
個人無o西希望,Depression
個人無晒希望,Depression
個人超仰鬱,Depression
個人超抑屈,Depression
個人超抑郁,Depression
個人超抑壓,Depression
個人超抑鬱,Depression
個人超負面,Depression
個人超級仰鬱,Depression
個人超級抑屈,Depression
個人超級抑郁,Depression
個人超級抑壓,Depression
個人超級抑鬱,Depression
個人超級負面,Depression
個人超級憂屈,Depression
個人超級憂郁,Depression
個人超級憂鬱,Depression
個人超憂屈,Depression
個人超憂郁,Depression
個人超憂鬱,Depression
個人極仰鬱,Depression
個人極抑屈,Depression
個人極抑郁,Depression
個人極抑壓,Depression
個人極抑鬱,Depression
個人極負面,Depression
個人極憂屈,Depression
個人極憂郁,Depression
個人極憂鬱,Depression
個人覺得好仰鬱,Depression
個人覺得好抑屈,Depression
個人覺得好抑郁,Depression
個人覺得好抑壓,Depression
個人覺得好抑鬱,Depression
個人覺得好憂屈,Depression
個人覺得好憂郁,Depression
個人覺得好憂鬱,Depression
個人覺得勁仰鬱,Depression
個人覺得勁抑屈,Depression
個人覺得勁抑郁,Depression
個人覺得勁抑壓,Depression
個人覺得勁抑鬱,Depression
個人覺得勁憂屈,Depression
個人覺得勁憂郁,Depression
個人覺得勁憂鬱,Depression
個人覺得超仰鬱,Depression
個人覺得超抑屈,Depression
個人覺得超抑郁,Depression
個人覺得超抑壓,Depression
個人覺得超抑鬱,Depression
個人覺得超級仰鬱,Depression
個人覺得超級抑屈,Depression
個人覺得超級抑郁,Depression
個人覺得超級抑壓,Depression
個人覺得超級抑鬱,Depression
個人覺得超級憂屈,Depression
個人覺得超級憂郁,Depression
個人覺得超級憂鬱,Depression
個人覺得超憂屈,Depression
個人覺得超憂郁,Depression
個人覺得超憂鬱,Depression
個人覺得極仰鬱,Depression
個人覺得極抑屈,Depression
個人覺得極抑郁,Depression
個人覺得極抑壓,Depression
個人覺得極抑鬱,Depression
個人覺得極憂屈,Depression
個人覺得極憂郁,Depression
個人覺得極憂鬱,Depression
個身好痛,Depression
個身勁痛,Depression
個身超級痛,Depression
個身超痛,Depression
個身極痛,Depression
哭5出,Depression
哭o吾出,Depression
哭吾出,Depression
哭唔出,Depression
唔再理自己ge性趣,Depression
唔再理自己ge興趣,Depression
唔再理自己o既性趣,Depression
唔再理自己o既興趣,Depression
唔再理自己既性趣,Depression
唔再理自己既興趣,Depression
唔再理自己嘅性趣,Depression
唔再理自己嘅興趣,Depression
唔再識得快樂,Depression
唔再識得開心,Depression
唔肯認自己5開心,Depression
唔肯認自己o吾開心,Depression
唔肯認自己sad,Depression
唔肯認自己吾開心,Depression
唔肯認自己唔開心,Depression
唔相郁,Depression
唔相認自己5開心,Depression
唔相認自己o吾開心,Depression
唔相認自己sad,Depression
唔相認自己吾開心,Depression
唔相認自己唔開心,Depression
唔相講o野,Depression
唔相講野,Depression
唔相講嘢,Depression
唔想郁,Depression
唔想認自己5開心,Depression
唔想認自己o吾開心,Depression
唔想認自己sad,Depression
唔想認自己吾開心,Depression
唔想認自己唔開心,Depression
唔想講o野,Depression
唔想講野,Depression
唔想講嘢,Depression
唔認自己5開心,Depression
唔認自己down,Depression
唔認自己o吾開心,Depression
唔認自己sad,Depression
唔認自己吾開心,Depression
唔認自己唔開心,Depression
唔講o野,Depression
唔講野,Depression
唔講嘢,Depression
唔識快樂,Depression
唔識得快樂,Depression
唔識得開心,Depression
唔識開心,Depression
唔願認自己5開心,Depression
唔願認自己o吾開心,Depression
唔願認自己sad,Depression
唔願認自己吾開心,Depression
唔願認自己唔開心,Depression
唔覺得快樂,Depression
唔覺得開心,Depression
容易覺得自己好差,Depression
容易覺得自己差,Depression
容易覺得自卑,Depression
眨低自己,Depression
眨低自己價值,Depression
做5到太用心力ge o野,Depression
做5到太用心力ge野,Depression
做5到太用心力ge嘢,Depression
做5到太用心力o既o野,Depression
做5到太用心力o既野,Depression
做5到太用心力o既嘢,Depression
做5到太用心力既o野,Depression
做5到太用心力既野,Depression
做5到太用心力既嘢,Depression
做5到太用心力嘅o野,Depression
做5到太用心力嘅野,Depression
做5到太用心力嘅嘢,Depression
做5到要用心力ge o野,Depression
做5到要用心力ge野,Depression
做5到要用心力ge嘢,Depression
做5到要用心力o既o野,Depression
做5到要用心力o既野,Depression
做5到要用心力o既嘢,Depression
做5到要用心力既o野,Depression
做5到要用心力既野,Depression
做5到要用心力既嘢,Depression
做5到要用心力嘅o野,Depression
做5到要用心力嘅野,Depression
做5到要用心力嘅嘢,Depression
做5到要花心力ge o野,Depression
做5到要花心力ge野,Depression
做5到要花心力ge嘢,Depression
做5到要花心力o既o野,Depression
做5到要花心力o既野,Depression
做5到要花心力o既嘢,Depression
做5到要花心力既o野,Depression
做5到要花心力既野,Depression
做5到要花心力既嘢,Depression
做5到要花心力嘅o野,Depression
做5到要花心力嘅野,Depression
做5到要花心力嘅嘢,Depression
做o吾到太用心力ge o野,Depression
做o吾到太用心力ge野,Depression
做o吾到太用心力ge嘢,Depression
做o吾到太用心力o既o野,Depression
做o吾到太用心力o既野,Depression
做o吾到太用心力o既嘢,Depression
做o吾到太用心力既o野,Depression
做o吾到太用心力既野,Depression
做o吾到太用心力既嘢,Depression
做o吾到太用心力嘅o野,Depression
做o吾到太用心力嘅野,Depression
做o吾到太用心力嘅嘢,Depression
做o吾到要用心力ge o野,Depression
做o吾到要用心力ge野,Depression
做o吾到要用心力ge嘢,Depression
做o吾到要用心力o既o野,Depression
做o吾到要用心力o既野,Depression
做o吾到要用心力o既嘢,Depression
做o吾到要用心力既o野,Depression
做o吾到要用心力既野,Depression
做o吾到要用心力既嘢,Depression
做o吾到要用心力嘅o野,Depression
做o吾到要用心力嘅野,Depression
做o吾到要用心力嘅嘢,Depression
做o吾到要花心力ge o野,Depression
做o吾到要花心力ge野,Depression
做o吾到要花心力ge嘢,Depression
做o吾到要花心力o既o野,Depression
做o吾到要花心力o既野,Depression
做o吾到要花心力o既嘢,Depression
做o吾到要花心力既o野,Depression
做o吾到要花心力既野,Depression
做o吾到要花心力既嘢,Depression
做o吾到要花心力嘅o野,Depression
做o吾到要花心力嘅野,Depression
做o吾到要花心力嘅嘢,Depression
做o野ge效率低jor,Depression
做o野ge效率低o左,Depression
做o野ge效率低左,Depression
做o野ge效率低咗,Depression
做o野ge效率差jor,Depression
做o野ge效率差o左,Depression
做o野ge效率差左,Depression
做o野ge效率差咗,Depression
做o野o既效率低jor,Depression
做o野o既效率低o左,Depression
做o野o既效率低左,Depression
做o野o既效率低咗,Depression
做o野o既效率差jor,Depression
做o野o既效率差o左,Depression
做o野o既效率差左,Depression
做o野o既效率差咗,Depression
做o野既效率低jor,Depression
做o野既效率低o左,Depression
做o野既效率低左,Depression
做o野既效率低咗,Depression
做o野既效率差jor,Depression
做o野既效率差o左,Depression
做o野既效率差左,Depression
做o野既效率差咗,Depression
做o野效率低jor,Depression
做o野效率低o左,Depression
做o野效率低左,Depression
做o野效率低咗,Depression
做o野效率差jor,Depression
做o野效率差o左,Depression
做o野效率差左,Depression
做o野效率差咗,Depression
做o野提5起勁,Depression
做o野提o吾起勁,Depression
做o野提吾起勁,Depression
做o野提唔起勁,Depression
做o野嘅效率低jor,Depression
做o野嘅效率低o左,Depression
做o野嘅效率低左,Depression
做o野嘅效率低咗,Depression
做o野嘅效率差jor,Depression
做o野嘅效率差o左,Depression
做o野嘅效率差左,Depression
做o野嘅效率差咗,Depression
做o野慢jor,Depression
做o野慢o左,Depression
做o野慢左,Depression
做o野慢咗,Depression
做人冇希望,Depression
做人無希望,Depression
做吾到太用心力ge o野,Depression
做吾到太用心力ge野,Depression
做吾到太用心力ge嘢,Depression
做吾到太用心力o既o野,Depression
做吾到太用心力o既野,Depression
做吾到太用心力o既嘢,Depression
做吾到太用心力既o野,Depression
做吾到太用心力既野,Depression
做吾到太用心力既嘢,Depression
做吾到太用心力嘅o野,Depression
做吾到太用心力嘅野,Depression
做吾到太用心力嘅嘢,Depression
做吾到要用心力ge o野,Depression
做吾到要用心力ge野,Depression
做吾到要用心力ge嘢,Depression
做吾到要用心力o既o野,Depression
做吾到要用心力o既野,Depression
做吾到要用心力o既嘢,Depression
做吾到要用心力既o野,Depression
做吾到要用心力既野,Depression
做吾到要用心力既嘢,Depression
做吾到要用心力嘅o野,Depression
做吾到要用心力嘅野,Depression
做吾到要用心力嘅嘢,Depression
做吾到要花心力ge o野,Depression
做吾到要花心力ge野,Depression
做吾到要花心力ge嘢,Depression
做吾到要花心力o既o野,Depression
做吾到要花心力o既野,Depression
做吾到要花心力o既嘢,Depression
做吾到要花心力既o野,Depression
做吾到要花心力既野,Depression
做吾到要花心力既嘢,Depression
做吾到要花心力嘅o野,Depression
做吾到要花心力嘅野,Depression
做吾到要花心力嘅嘢,Depression
做唔到太用心力ge o野,Depression
做唔到太用心力ge野,Depression
做唔到太用心力ge嘢,Depression
做唔到太用心力o既o野,Depression
做唔到太用心力o既野,Depression
做唔到太用心力o既嘢,Depression
做唔到太用心力既o野,Depression
做唔到太用心力既野,Depression
做唔到太用心力既嘢,Depression
做唔到太用心力嘅o野,Depression
做唔到太用心力嘅野,Depression
做唔到太用心力嘅嘢,Depression
做唔到要用心力ge o野,Depression
做唔到要用心力ge野,Depression
做唔到要用心力ge嘢,Depression
做唔到要用心力o既o野,Depression
做唔到要用心力o既野,Depression
做唔到要用心力o既嘢,Depression
做唔到要用心力既o野,Depression
做唔到要用心力既野,Depression
做唔到要用心力既嘢,Depression
做唔到要用心力嘅o野,Depression
做唔到要用心力嘅野,Depression
做唔到要用心力嘅嘢,Depression
做唔到要花心力ge o野,Depression
做唔到要花心力ge野,Depression
做唔到要花心力ge嘢,Depression
做唔到要花心力o既o野,Depression
做唔到要花心力o既野,Depression
做唔到要花心力o既嘢,Depression
做唔到要花心力既o野,Depression
做唔到要花心力既野,Depression
做唔到要花心力既嘢,Depression
做唔到要花心力嘅o野,Depression
做唔到要花心力嘅野,Depression
做唔到要花心力嘅嘢,Depression
做野ge效率低jor,Depression
做野ge效率低o左,Depression
做野ge效率低左,Depression
做野ge效率低咗,Depression
做野ge效率差jor,Depression
做野ge效率差o左,Depression
做野ge效率差左,Depression
做野ge效率差咗,Depression
做野o既效率低jor,Depression
做野o既效率低o左,Depression
做野o既效率低左,Depression
做野o既效率低咗,Depression
做野o既效率差jor,Depression
做野o既效率差o左,Depression
做野o既效率差左,Depression
做野o既效率差咗,Depression
做野既效率低jor,Depression
做野既效率低o左,Depression
做野既效率低左,Depression
做野既效率低咗,Depression
做野既效率差jor,Depression
做野既效率差o左,Depression
做野既效率差左,Depression
做野既效率差咗,Depression
做野效率低jor,Depression
做野效率低o左,Depression
做野效率低左,Depression
做野效率低咗,Depression
做野效率差jor,Depression
做野效率差o左,Depression
做野效率差左,Depression
做野效率差咗,Depression
做野提5起勁,Depression
做野提o吾起勁,Depression
做野提吾起勁,Depression
做野提唔起勁,Depression
做野嘅效率低jor,Depression
做野嘅效率低o左,Depression
做野嘅效率低左,Depression
做野嘅效率低咗,Depression
做野嘅效率差jor,Depression
做野嘅效率差o左,Depression
做野嘅效率差左,Depression
做野嘅效率差咗,Depression
做野慢jor,Depression
做野慢o左,Depression
做野慢左,Depression
做野慢咗,Depression
做嘢ge效率低jor,Depression
做嘢ge效率低o左,Depression
做嘢ge效率低左,Depression
做嘢ge效率低咗,Depression
做嘢ge效率差jor,Depression
做嘢ge效率差o左,Depression
做嘢ge效率差左,Depression
做嘢ge效率差咗,Depression
做嘢o既效率低jor,Depression
做嘢o既效率低o左,Depression
做嘢o既效率低左,Depression
做嘢o既效率低咗,Depression
做嘢o既效率差jor,Depression
做嘢o既效率差o左,Depression
做嘢o既效率差左,Depression
做嘢o既效率差咗,Depression
做嘢既效率低jor,Depression
做嘢既效率低o左,Depression
做嘢既效率低左,Depression
做嘢既效率低咗,Depression
做嘢既效率差jor,Depression
做嘢既效率差o左,Depression
做嘢既效率差左,Depression
做嘢既效率差咗,Depression
做嘢效率低,Depression
做嘢效率低jor,Depression
做嘢效率低o左,Depression
做嘢效率低左,Depression
做嘢效率低咗,Depression
做嘢效率差,Depression
做嘢效率差jor,Depression
做嘢效率差o左,Depression
做嘢效率差左,Depression
做嘢效率差咗,Depression
做嘢提5起勁,Depression
做嘢提o吾起勁,Depression
做嘢提吾起勁,Depression
做嘢提唔起勁,Depression
做嘢嘅效率低jor,Depression
做嘢嘅效率低o左,Depression
做嘢嘅效率低左,Depression
做嘢嘅效率低咗,Depression
做嘢嘅效率差jor,Depression
做嘢嘅效率差o左,Depression
做嘢嘅效率差左,Depression
做嘢嘅效率差咗,Depression
做嘢慢jor,Depression
做嘢慢o左,Depression
做嘢慢左,Depression
做嘢慢咗,Depression
將d o野諗得好負面,Depression
將d小事諗得好負面,Depression
將d野諗得好負面,Depression
將d嘢諗得好負面,Depression
將o的o野諗得好負面,Depression
將o的小事諗得好負面,Depression
將o的野諗得好負面,Depression
將o的嘢諗得好負面,Depression
將啲o野諗得好負面,Depression
將啲小事諗得好負面,Depression
將啲野諗得好負面,Depression
將啲嘢諗得好負面,Depression
喊5出,Depression
喊o吾出,Depression
喊吾出,Depression
喊唔出,Depression
朝早特別5開心,Depression
朝早特別down,Depression
朝早特別o吾開心,Depression
朝早特別仰鬱,Depression
朝早特別吾開心,Depression
朝早特別抑屈,Depression
朝早特別抑郁,Depression
朝早特別抑壓,Depression
朝早特別抑鬱,Depression
朝早特別唔開心,Depression
朝早特別憂鬱,Depression
無jor開心ge感覺,Depression
無jor開心o既感覺,Depression
無jor開心既感覺,Depression
無jor開心嘅感覺,Depression
無o左開心ge感覺,Depression
無o左開心o既感覺,Depression
無o左開心既感覺,Depression
無o左開心嘅感覺,Depression
無o西希望,Depression
無o西動力,Depression
無o咩胃口,Depression
無o咩動力,Depression
無乜胃口,Depression
無乜動力,Depression
無力感,Depression
無左開心ge感覺,Depression
無左開心o既感覺,Depression
無左開心既感覺,Depression
無左開心嘅感覺,Depression
無咗開心ge感覺,Depression
無咗開心o既感覺,Depression
無咗開心既感覺,Depression
無咗開心嘅感覺,Depression
無咩胃口,Depression
無咩動力,Depression
無胃口,Depression
無晒希望,Depression
無晒動力,Depression
無動力,Depression
無動力做o野,Depression
無動力做野,Depression
無動力做嘢,Depression
無精力,Depression
發脾4,Depression
發脾四,Depression
發脾氣,Depression
脾4好差,Depression
脾4勁差,Depression
脾4差,Depression
脾4差左,Depression
脾4差咗,Depression
脾4爆發,Depression
脾四好差,Depression
脾四勁差,Depression
脾四差,Depression
脾四差左,Depression
脾四差咗,Depression
脾四爆發,Depression
脾氣好差,Depression
脾氣勁差,Depression
脾氣差,Depression
脾氣差左,Depression
脾氣差咗,Depression
脾氣爆發,Depression
超5開心,Depression
超down,Depression
超o吾開心,Depression
超仰鬱,Depression
超有挫折感,Depression
超有挫敗感,Depression
超自卑,Depression
超冷漠,Depression
超吾開心,Depression
超抑屈,Depression
超抑郁,Depression
超抑壓,Depression
超抑鬱,Depression
超屈悶,Depression
超屈結,Depression
超郁悶,Depression
超郁結,Depression
超唔開心,Depression
超級5開心,Depression
超級o吾開心,Depression
超級仰鬱,Depression
超級有挫折感,Depression
超級有挫敗感,Depression
超級自卑,Depression
超級冷漠,Depression
超級吾開心,Depression
超級抑屈,Depression
超級抑郁,Depression
超級抑壓,Depression
超級抑鬱,Depression
超級屈悶,Depression
超級屈結,Depression
超級郁悶,Depression
超級郁結,Depression
超級唔開心,Depression
超級憂屈,Depression
超級憂郁,Depression
超級憂鬱,Depression
超級鬱悶,Depression
超級鬱結,Depression
超絕望,Depression
超憂屈,Depression
超憂郁,Depression
超憂鬱,Depression
超鬱悶,Depression
超鬱結,Depression
開心5到,Depression
開心5倒,Depression
開心o吾到,Depression
開心o吾倒,Depression
開心吾到,Depression
開心吾倒,Depression
開心唔到,Depression
開心唔倒,Depression
亂o咁同人上牀,Depression
亂o咁同人搞,Depression
亂o咁同人搞o野,Depression
亂o咁同人搞野,Depression
亂o咁同人搞嘢,Depression
亂o咁投資,Depression
亂o咁買o野,Depression
亂o咁買野,Depression
亂o咁買嘢,Depression
亂甘同人上牀,Depression
亂甘同人搞,Depression
亂甘同人搞o野,Depression
亂甘同人搞野,Depression
亂甘同人搞嘢,Depression
亂甘投資,Depression
亂甘買o野,Depression
亂甘買野,Depression
亂甘買嘢,Depression
亂咁同人上牀,Depression
亂咁同人搞,Depression
亂咁同人搞o野,Depression
亂咁同人搞野,Depression
亂咁同人搞嘢,Depression
亂咁投資,Depression
亂咁買o野,Depression
亂咁買野,Depression
亂咁買嘢,Depression
想咸,Depression
想哭,Depression
想喊,Depression
感受5到快樂,Depression
感受5到幸福,Depression
感受5到開心,Depression
感受5倒快樂,Depression
感受5倒開心,Depression
感受o吾到快樂,Depression
感受o吾到開心,Depression
感受o吾倒快樂,Depression
感受o吾倒開心,Depression
感受吾到快樂,Depression
感受吾到幸福,Depression
感受吾到開心,Depression
感受吾倒快樂,Depression
感受吾倒開心,Depression
感受唔到快樂,Depression
感受唔到幸福,Depression
感受唔到開心,Depression
感受唔倒快樂,Depression
感受唔倒開心,Depression
感覺5到快樂,Depression
感覺5到幸福,Depression
感覺5到開心,Depression
感覺5倒開心,Depression
感覺o吾到開心,Depression
感覺o吾倒開心,Depression
感覺吾到快樂,Depression
感覺吾到幸福,Depression
感覺吾到開心,Depression
感覺吾倒開心,Depression
感覺唔到快樂,Depression
感覺唔到幸福,Depression
感覺唔到開心,Depression
感覺唔倒開心,Depression
極5開心,Depression
極down,Depression
極o吾開心,Depression
極仰鬱,Depression
極有挫折感,Depression
極有挫敗感,Depression
極自卑,Depression
極冷漠,Depression
極吾開心,Depression
極抑屈,Depression
極抑郁,Depression
極抑壓,Depression
極抑鬱,Depression
極屈悶,Depression
極屈結,Depression
極郁悶,Depression
極郁結,Depression
極唔開心,Depression
極憂屈,Depression
極憂郁,Depression
極憂鬱,Depression
極鬱悶,Depression
極鬱結,Depression
經常好5開心,Depression
經常好down,Depression
經常好o吾開心,Depression
經常好仰鬱,Depression
經常好吾開心,Depression
經常好抑屈,Depression
經常好抑郁,Depression
經常好抑壓,Depression
經常好抑鬱,Depression
經常好唔開心,Depression
經常好憂鬱,Depression
經常都好5開心,Depression
經常都好down,Depression
經常都好o吾開心,Depression
經常都好仰鬱,Depression
經常都好吾開心,Depression
經常都好抑屈,Depression
經常都好抑郁,Depression
經常都好抑壓,Depression
經常都好抑鬱,Depression
經常都好唔開心,Depression
經常都好憂鬱,Depression
對中意ge o野冇晒性趣,Depression
對中意ge o野冇晒興趣,Depression
對中意ge o野無晒性趣,Depression
對中意ge o野無晒興趣,Depression
對中意ge野冇晒性趣,Depression
對中意ge野冇晒興趣,Depression
對中意ge野無晒性趣,Depression
對中意ge野無晒興趣,Depression
對中意ge嘢冇晒性趣,Depression
對中意ge嘢冇晒興趣,Depression
對中意ge嘢無晒性趣,Depression
對中意ge嘢無晒興趣,Depression
對中意o既o野冇晒性趣,Depression
對中意o既o野冇晒興趣,Depression
對中意o既o野無晒性趣,Depression
對中意o既o野無晒興趣,Depression
對中意o既野冇晒性趣,Depression
對中意o既野冇晒興趣,Depression
對中意o既野無晒性趣,Depression
對中意o既野無晒興趣,Depression
對中意o既嘢冇晒性趣,Depression
對中意o既嘢冇晒興趣,Depression
對中意o既嘢無晒性趣,Depression
對中意o既嘢無晒興趣,Depression
對中意既o野冇晒性趣,Depression
對中意既o野冇晒興趣,Depression
對中意既o野無晒性趣,Depression
對中意既o野無晒興趣,Depression
對中意既野冇晒性趣,Depression
對中意既野冇晒興趣,Depression
對中意既野無晒性趣,Depression
對中意既野無晒興趣,Depression
對中意既嘢冇晒性趣,Depression
對中意既嘢冇晒興趣,Depression
對中意既嘢無晒性趣,Depression
對中意既嘢無晒興趣,Depression
對中意嘅o野冇晒性趣,Depression
對中意嘅o野冇晒興趣,Depression
對中意嘅o野無晒性趣,Depression
對中意嘅o野無晒興趣,Depression
對中意嘅野冇晒性趣,Depression
對中意嘅野冇晒興趣,Depression
對中意嘅野無晒性趣,Depression
對中意嘅野無晒興趣,Depression
對中意嘅嘢冇晒性趣,Depression
對中意嘅嘢冇晒興趣,Depression
對中意嘅嘢無晒性趣,Depression
對中意嘅嘢無晒興趣,Depression
對平日中意ge o野冇晒性趣,Depression
對平日中意ge o野冇晒興趣,Depression
對平日中意ge o野無晒性趣,Depression
對平日中意ge o野無晒興趣,Depression
對平日中意ge野冇晒性趣,Depression
對平日中意ge野冇晒興趣,Depression
對平日中意ge野無晒性趣,Depression
對平日中意ge野無晒興趣,Depression
對平日中意ge嘢冇晒性趣,Depression
對平日中意ge嘢冇晒興趣,Depression
對平日中意ge嘢無晒性趣,Depression
對平日中意ge嘢無晒興趣,Depression
對平日中意o既o野冇晒性趣,Depression
對平日中意o既o野冇晒興趣,Depression
對平日中意o既o野無晒性趣,Depression
對平日中意o既o野無晒興趣,Depression
對平日中意o既野冇晒性趣,Depression
對平日中意o既野冇晒興趣,Depression
對平日中意o既野無晒性趣,Depression
對平日中意o既野無晒興趣,Depression
對平日中意o既嘢冇晒性趣,Depression
對平日中意o既嘢冇晒興趣,Depression
對平日中意o既嘢無晒性趣,Depression
對平日中意o既嘢無晒興趣,Depression
對平日中意既o野冇晒性趣,Depression
對平日中意既o野冇晒興趣,Depression
對平日中意既o野無晒性趣,Depression
對平日中意既o野無晒興趣,Depression
對平日中意既野冇晒性趣,Depression
對平日中意既野冇晒興趣,Depression
對平日中意既野無晒性趣,Depression
對平日中意既野無晒興趣,Depression
對平日中意既嘢冇晒性趣,Depression
對平日中意既嘢冇晒興趣,Depression
對平日中意既嘢無晒性趣,Depression
對平日中意既嘢無晒興趣,Depression
對平日中意嘅o野冇晒性趣,Depression
對平日中意嘅o野冇晒興趣,Depression
對平日中意嘅o野無晒性趣,Depression
對平日中意嘅o野無晒興趣,Depression
對平日中意嘅野冇晒性趣,Depression
對平日中意嘅野冇晒興趣,Depression
對平日中意嘅野無晒性趣,Depression
對平日中意嘅野無晒興趣,Depression
對平日中意嘅嘢冇晒性趣,Depression
對平日中意嘅嘢冇晒興趣,Depression
對平日中意嘅嘢無晒性趣,Depression
對平日中意嘅嘢無晒興趣,Depression
對平日鍾意ge o野冇晒性趣,Depression
對平日鍾意ge o野冇晒興趣,Depression
對平日鍾意ge o野無晒性趣,Depression
對平日鍾意ge o野無晒興趣,Depression
對平日鍾意ge野冇晒性趣,Depression
對平日鍾意ge野冇晒興趣,Depression
對平日鍾意ge野無晒性趣,Depression
對平日鍾意ge野無晒興趣,Depression
對平日鍾意ge嘢冇晒性趣,Depression
對平日鍾意ge嘢冇晒興趣,Depression
對平日鍾意ge嘢無晒性趣,Depression
對平日鍾意ge嘢無晒興趣,Depression
對平日鍾意o既o野冇晒性趣,Depression
對平日鍾意o既o野冇晒興趣,Depression
對平日鍾意o既o野無晒性趣,Depression
對平日鍾意o既o野無晒興趣,Depression
對平日鍾意o既野冇晒性趣,Depression
對平日鍾意o既野冇晒興趣,Depression
對平日鍾意o既野無晒性趣,Depression
對平日鍾意o既野無晒興趣,Depression
對平日鍾意o既嘢冇晒性趣,Depression
對平日鍾意o既嘢冇晒興趣,Depression
對平日鍾意o既嘢無晒性趣,Depression
對平日鍾意o既嘢無晒興趣,Depression
對平日鍾意既o野冇晒性趣,Depression
對平日鍾意既o野冇晒興趣,Depression
對平日鍾意既o野無晒性趣,Depression
對平日鍾意既o野無晒興趣,Depression
對平日鍾意既野冇晒性趣,Depression
對平日鍾意既野冇晒興趣,Depression
對平日鍾意既野無晒性趣,Depression
對平日鍾意既野無晒興趣,Depression
對平日鍾意既嘢冇晒性趣,Depression
對平日鍾意既嘢冇晒興趣,Depression
對平日鍾意既嘢無晒性趣,Depression
對平日鍾意既嘢無晒興趣,Depression
對平日鍾意嘅o野冇晒性趣,Depression
對平日鍾意嘅o野冇晒興趣,Depression
對平日鍾意嘅o野無晒性趣,Depression
對平日鍾意嘅o野無晒興趣,Depression
對平日鍾意嘅野冇晒性趣,Depression
對平日鍾意嘅野冇晒興趣,Depression
對平日鍾意嘅野無晒性趣,Depression
對平日鍾意嘅野無晒興趣,Depression
對平日鍾意嘅嘢冇晒性趣,Depression
對平日鍾意嘅嘢冇晒興趣,Depression
對平日鍾意嘅嘢無晒性趣,Depression
對平日鍾意嘅嘢無晒興趣,Depression
對平時中意ge o野冇晒性趣,Depression
對平時中意ge o野冇晒興趣,Depression
對平時中意ge o野無晒性趣,Depression
對平時中意ge o野無晒興趣,Depression
對平時中意ge野冇晒性趣,Depression
對平時中意ge野冇晒興趣,Depression
對平時中意ge野無晒性趣,Depression
對平時中意ge野無晒興趣,Depression
對平時中意ge嘢冇晒性趣,Depression
對平時中意ge嘢冇晒興趣,Depression
對平時中意ge嘢無晒性趣,Depression
對平時中意ge嘢無晒興趣,Depression
對平時中意o既o野冇晒性趣,Depression
對平時中意o既o野冇晒興趣,Depression
對平時中意o既o野無晒性趣,Depression
對平時中意o既o野無晒興趣,Depression
對平時中意o既野冇晒性趣,Depression
對平時中意o既野冇晒興趣,Depression
對平時中意o既野無晒性趣,Depression
對平時中意o既野無晒興趣,Depression
對平時中意o既嘢冇晒性趣,Depression
對平時中意o既嘢冇晒興趣,Depression
對平時中意o既嘢無晒性趣,Depression
對平時中意o既嘢無晒興趣,Depression
對平時中意既o野冇晒性趣,Depression
對平時中意既o野冇晒興趣,Depression
對平時中意既o野無晒性趣,Depression
對平時中意既o野無晒興趣,Depression
對平時中意既野冇晒性趣,Depression
對平時中意既野冇晒興趣,Depression
對平時中意既野無晒性趣,Depression
對平時中意既野無晒興趣,Depression
對平時中意既嘢冇晒性趣,Depression
對平時中意既嘢冇晒興趣,Depression
對平時中意既嘢無晒性趣,Depression
對平時中意既嘢無晒興趣,Depression
對平時中意嘅o野冇晒性趣,Depression
對平時中意嘅o野冇晒興趣,Depression
對平時中意嘅o野無晒性趣,Depression
對平時中意嘅o野無晒興趣,Depression
對平時中意嘅野冇晒性趣,Depression
對平時中意嘅野冇晒興趣,Depression
對平時中意嘅野無晒性趣,Depression
對平時中意嘅野無晒興趣,Depression
對平時中意嘅嘢冇晒性趣,Depression
對平時中意嘅嘢冇晒興趣,Depression
對平時中意嘅嘢無晒性趣,Depression
對平時中意嘅嘢無晒興趣,Depression
對平時鍾意ge o野冇晒性趣,Depression
對平時鍾意ge o野冇晒興趣,Depression
對平時鍾意ge o野無晒性趣,Depression
對平時鍾意ge o野無晒興趣,Depression
對平時鍾意ge野冇晒性趣,Depression
對平時鍾意ge野冇晒興趣,Depression
對平時鍾意ge野無晒性趣,Depression
對平時鍾意ge野無晒興趣,Depression
對平時鍾意ge嘢冇晒性趣,Depression
對平時鍾意ge嘢冇晒興趣,Depression
對平時鍾意ge嘢無晒性趣,Depression
對平時鍾意ge嘢無晒興趣,Depression
對平時鍾意o既o野冇晒性趣,Depression
對平時鍾意o既o野冇晒興趣,Depression
對平時鍾意o既o野無晒性趣,Depression
對平時鍾意o既o野無晒興趣,Depression
對平時鍾意o既野冇晒性趣,Depression
對平時鍾意o既野冇晒興趣,Depression
對平時鍾意o既野無晒性趣,Depression
對平時鍾意o既野無晒興趣,Depression
對平時鍾意o既嘢冇晒性趣,Depression
對平時鍾意o既嘢冇晒興趣,Depression
對平時鍾意o既嘢無晒性趣,Depression
對平時鍾意o既嘢無晒興趣,Depression
對平時鍾意既o野冇晒性趣,Depression
對平時鍾意既o野冇晒興趣,Depression
對平時鍾意既o野無晒性趣,Depression
對平時鍾意既o野無晒興趣,Depression
對平時鍾意既野冇晒性趣,Depression
對平時鍾意既野冇晒興趣,Depression
對平時鍾意既野無晒性趣,Depression
對平時鍾意既野無晒興趣,Depression
對平時鍾意既嘢冇晒性趣,Depression
對平時鍾意既嘢冇晒興趣,Depression
對平時鍾意既嘢無晒性趣,Depression
對平時鍾意既嘢無晒興趣,Depression
對平時鍾意嘅o野冇晒性趣,Depression
對平時鍾意嘅o野冇晒興趣,Depression
對平時鍾意嘅o野無晒性趣,Depression
對平時鍾意嘅o野無晒興趣,Depression
對平時鍾意嘅野冇晒性趣,Depression
對平時鍾意嘅野冇晒興趣,Depression
對平時鍾意嘅野無晒性趣,Depression
對平時鍾意嘅野無晒興趣,Depression
對平時鍾意嘅嘢冇晒性趣,Depression
對平時鍾意嘅嘢冇晒興趣,Depression
對平時鍾意嘅嘢無晒性趣,Depression
對平時鍾意嘅嘢無晒興趣,Depression
對未來冇o西希望,Depression
對未來冇晒希望,Depression
對未來無o西希望,Depression
對未來無晒希望,Depression
對自己有好多負面ge評價,Depression
對自己有好多負面ge諗法,Depression
對自己有好多負面o既評價,Depression
對自己有好多負面o既諗法,Depression
對自己有好多負面既評價,Depression
對自己有好多負面既諗法,Depression
對自己有好多負面嘅評價,Depression
對自己有好多負面嘅諗法,Depression
對所有o野冇o西性趣,Depression
對所有o野冇o西興趣,Depression
對所有o野冇性趣,Depression
對所有o野冇晒性趣,Depression
對所有o野冇晒興趣,Depression
對所有o野冇興趣,Depression
對所有o野都冇jor好多性趣,Depression
對所有o野都冇jor好多興趣,Depression
對所有o野都冇o左好多性趣,Depression
對所有o野都冇o左好多興趣,Depression
對所有o野都冇左好多性趣,Depression
對所有o野都冇左好多興趣,Depression
對所有o野都冇咗好多性趣,Depression
對所有o野都冇咗好多興趣,Depression
對所有o野都冇性趣,Depression
對所有o野都冇興趣,Depression
對所有o野都少jor好多性趣,Depression
對所有o野都少jor好多興趣,Depression
對所有o野都少o左好多性趣,Depression
對所有o野都少o左好多興趣,Depression
對所有o野都少左好多性趣,Depression
對所有o野都少左好多興趣,Depression
對所有o野都少咗好多性趣,Depression
對所有o野都少咗好多興趣,Depression
對所有o野都無jor好多性趣,Depression
對所有o野都無jor好多興趣,Depression
對所有o野都無o左好多性趣,Depression
對所有o野都無o左好多興趣,Depression
對所有o野都無左好多性趣,Depression
對所有o野都無左好多興趣,Depression
對所有o野都無咗好多性趣,Depression
對所有o野都無咗好多興趣,Depression
對所有o野都無性趣,Depression
對所有o野都無興趣,Depression
對所有o野無o西性趣,Depression
對所有o野無o西興趣,Depression
對所有o野無性趣,Depression
對所有o野無晒性趣,Depression
對所有o野無晒興趣,Depression
對所有o野無興趣,Depression
對所有事都冇jor好多性趣,Depression
對所有事都冇jor好多興趣,Depression
對所有事都冇o左好多性趣,Depression
對所有事都冇o左好多興趣,Depression
對所有事都冇左好多性趣,Depression
對所有事都冇左好多興趣,Depression
對所有事都冇咗好多性趣,Depression
對所有事都冇咗好多興趣,Depression
對所有事都冇性趣,Depression
對所有事都冇興趣,Depression
對所有事都少jor好多性趣,Depression
對所有事都少jor好多興趣,Depression
對所有事都少o左好多性趣,Depression
對所有事都少o左好多興趣,Depression
對所有事都少左好多性趣,Depression
對所有事都少左好多興趣,Depression
對所有事都少咗好多性趣,Depression
對所有事都少咗好多興趣,Depression
對所有事都無jor好多性趣,Depression
對所有事都無jor好多興趣,Depression
對所有事都無o左好多性趣,Depression
對所有事都無o左好多興趣,Depression
對所有事都無左好多性趣,Depression
對所有事都無左好多興趣,Depression
對所有事都無咗好多性趣,Depression
對所有事都無咗好多興趣,Depression
對所有事都無性趣,Depression
對所有事都無興趣,Depression
對所有野冇o西性趣,Depression
對所有野冇o西興趣,Depression
對所有野冇性趣,Depression
對所有野冇晒性趣,Depression
對所有野冇晒興趣,Depression
對所有野冇興趣,Depression
對所有野都冇jor好多性趣,Depression
對所有野都冇jor好多興趣,Depression
對所有野都冇o左好多性趣,Depression
對所有野都冇o左好多興趣,Depression
對所有野都冇左好多性趣,Depression
對所有野都冇左好多興趣,Depression
對所有野都冇咗好多性趣,Depression
對所有野都冇咗好多興趣,Depression
對所有野都冇性趣,Depression
對所有野都冇興趣,Depression
對所有野都少jor好多性趣,Depression
對所有野都少jor好多興趣,Depression
對所有野都少o左好多性趣,Depression
對所有野都少o左好多興趣,Depression
對所有野都少左好多性趣,Depression
對所有野都少左好多興趣,Depression
對所有野都少咗好多性趣,Depression
對所有野都少咗好多興趣,Depression
對所有野都無jor好多性趣,Depression
對所有野都無jor好多興趣,Depression
對所有野都無o左好多性趣,Depression
對所有野都無o左好多興趣,Depression
對所有野都無左好多性趣,Depression
對所有野都無左好多興趣,Depression
對所有野都無咗好多性趣,Depression
對所有野都無咗好多興趣,Depression
對所有野都無性趣,Depression
對所有野都無興趣,Depression
對所有野無o西性趣,Depression
對所有野無o西興趣,Depression
對所有野無性趣,Depression
對所有野無晒性趣,Depression
對所有野無晒興趣,Depression
對所有野無興趣,Depression
對所有嘢冇o西性趣,Depression
對所有嘢冇o西興趣,Depression
對所有嘢冇性趣,Depression
對所有嘢冇晒性趣,Depression
對所有嘢冇晒興趣,Depression
對所有嘢冇興趣,Depression
對所有嘢都冇jor好多性趣,Depression
對所有嘢都冇jor好多興趣,Depression
對所有嘢都冇o左好多性趣,Depression
對所有嘢都冇o左好多興趣,Depression
對所有嘢都冇左好多性趣,Depression
對所有嘢都冇左好多興趣,Depression
對所有嘢都冇咗好多性趣,Depression
對所有嘢都冇咗好多興趣,Depression
對所有嘢都冇性趣,Depression
對所有嘢都冇興趣,Depression
對所有嘢都少jor好多性趣,Depression
對所有嘢都少jor好多興趣,Depression
對所有嘢都少o左好多性趣,Depression
對所有嘢都少o左好多興趣,Depression
對所有嘢都少左好多性趣,Depression
對所有嘢都少左好多興趣,Depression
對所有嘢都少咗好多性趣,Depression
對所有嘢都少咗好多興趣,Depression
對所有嘢都無jor好多性趣,Depression
對所有嘢都無jor好多興趣,Depression
對所有嘢都無o左好多性趣,Depression
對所有嘢都無o左好多興趣,Depression
對所有嘢都無左好多性趣,Depression
對所有嘢都無左好多興趣,Depression
對所有嘢都無咗好多性趣,Depression
對所有嘢都無咗好多興趣,Depression
對所有嘢都無性趣,Depression
對所有嘢都無興趣,Depression
對所有嘢無o西性趣,Depression
對所有嘢無o西興趣,Depression
對所有嘢無性趣,Depression
對所有嘢無晒性趣,Depression
對所有嘢無晒興趣,Depression
對所有嘢無興趣,Depression
對鍾意ge o野冇晒性趣,Depression
對鍾意ge o野冇晒興趣,Depression
對鍾意ge o野無晒性趣,Depression
對鍾意ge o野無晒興趣,Depression
對鍾意ge野冇晒性趣,Depression
對鍾意ge野冇晒興趣,Depression
對鍾意ge野無晒性趣,Depression
對鍾意ge野無晒興趣,Depression
對鍾意ge嘢冇晒性趣,Depression
對鍾意ge嘢冇晒興趣,Depression
對鍾意ge嘢無晒性趣,Depression
對鍾意ge嘢無晒興趣,Depression
對鍾意o既o野冇晒性趣,Depression
對鍾意o既o野冇晒興趣,Depression
對鍾意o既o野無晒性趣,Depression
對鍾意o既o野無晒興趣,Depression
對鍾意o既野冇晒性趣,Depression
對鍾意o既野冇晒興趣,Depression
對鍾意o既野無晒性趣,Depression
對鍾意o既野無晒興趣,Depression
對鍾意o既嘢冇晒性趣,Depression
對鍾意o既嘢冇晒興趣,Depression
對鍾意o既嘢無晒性趣,Depression
對鍾意o既嘢無晒興趣,Depression
對鍾意既o野冇晒性趣,Depression
對鍾意既o野冇晒興趣,Depression
對鍾意既野冇晒性趣,Depression
對鍾意既野冇晒興趣,Depression
對鍾意既野無晒性趣,Depression
對鍾意既野無晒興趣,Depression
對鍾意既嘢冇晒性趣,Depression
對鍾意既嘢冇晒興趣,Depression
對鍾意既嘢無晒性趣,Depression
對鍾意既嘢無晒興趣,Depression
對鍾意嘅o野冇晒性趣,Depression
對鍾意嘅o野冇晒興趣,Depression
對鍾意嘅o野無晒性趣,Depression
對鍾意嘅o野無晒興趣,Depression
對鍾意嘅野冇晒性趣,Depression
對鍾意嘅野冇晒興趣,Depression
對鍾意嘅野無晒性趣,Depression
對鍾意嘅野無晒興趣,Depression
對鍾意嘅嘢冇晒性趣,Depression
對鍾意嘅嘢冇晒興趣,Depression
對鍾意嘅嘢無晒性趣,Depression
對鍾意嘅嘢無晒興趣,Depression
緊張仰鬱,Depression
緊張抑屈,Depression
緊張抑郁,Depression
緊張抑鬱,Depression
緊張性仰鬱,Depression
緊張性抑屈,Depression
緊張性抑郁,Depression
緊張性抑鬱,Depression
緊張性憂鬱,Depression
緊張憂鬱,Depression
輕度仰鬱,Depression
輕度抑屈,Depression
輕度抑郁,Depression
輕度抑壓,Depression
輕度抑鬱,Depression
輕度憂鬱,Depression
憂屈,Depression
憂郁,Depression
憂鬱緊張,Depression
諗o野好negative,Depression
諗o野好負面,Depression
諗o野好慢,Depression
諗o野勁negative,Depression
諗o野勁負面,Depression
諗o野勁慢,Depression
諗o野超negative,Depression
諗o野超負面,Depression
諗o野超級negative,Depression
諗o野超級負面,Depression
諗o野超級慢,Depression
諗o野超慢,Depression
諗o野極negative,Depression
諗o野極負面,Depression
諗o野極慢,Depression
諗o野遲鈍,Depression
諗野好negative,Depression
諗野好負面,Depression
諗野好慢,Depression
諗野勁negative,Depression
諗野勁負面,Depression
諗野勁慢,Depression
諗野超negative,Depression
諗野超負面,Depression
諗野超級negative,Depression
諗野超級負面,Depression
諗野超級慢,Depression
諗野超慢,Depression
諗野極negative,Depression
諗野極負面,Depression
諗野極慢,Depression
諗野遲鈍,Depression
諗嘢好negative,Depression
諗嘢好負面,Depression
諗嘢好慢,Depression
諗嘢勁negative,Depression
諗嘢勁負面,Depression
諗嘢勁慢,Depression
諗嘢超negative,Depression
諗嘢超負面,Depression
諗嘢超級negative,Depression
諗嘢超級負面,Depression
諗嘢超級慢,Depression
諗嘢超慢,Depression
諗嘢極negative,Depression
諗嘢極負面,Depression
諗嘢極慢,Depression
諗嘢遲鈍,Depression
擔優,Depression
講o野好慢,Depression
講o野勁慢,Depression
講o野超級慢,Depression
講o野超慢,Depression
講o野極慢,Depression
講野好慢,Depression
講野勁慢,Depression
講野超級慢,Depression
講野超慢,Depression
講野極慢,Depression
講嘢好慢,Depression
講嘢勁慢,Depression
講嘢超級慢,Depression
講嘢超慢,Depression
講嘢極慢,Depression
藥物引致仰鬱,Depression
藥物引致抑屈,Depression
藥物引致抑郁,Depression
藥物引致抑壓,Depression
藥物引致抑鬱,Depression
藥物引致憂鬱,Depression
覺得5快樂,Depression
覺得5開心,Depression
覺得冇o西希望,Depression
覺得冇晒希望,Depression
覺得好5開心,Depression
覺得好o吾開心,Depression
覺得好仰鬱,Depression
覺得好吾開心,Depression
覺得好抑屈,Depression
覺得好抑郁,Depression
覺得好抑壓,Depression
覺得好抑鬱,Depression
覺得好唔開心,Depression
覺得好憂屈,Depression
覺得好憂郁,Depression
覺得好憂鬱,Depression
覺得自己5掂,Depression
覺得自己o吾掂,Depression
覺得自己好fail,Depression
覺得自己好冇用,Depression
覺得自己好冇價值,Depression
覺得自己好失敗,Depression
覺得自己好差,Depression
覺得自己好無用,Depression
覺得自己好無價值,Depression
覺得自己好廢,Depression
覺得自己吾掂,Depression
覺得自己勁fail,Depression
覺得自己勁冇用,Depression
覺得自己勁失敗,Depression
覺得自己勁無用,Depression
覺得自己勁廢,Depression
覺得自己唔掂,Depression
覺得自己差,Depression
覺得自己超fail,Depression
覺得自己超冇用,Depression
覺得自己超失敗,Depression
覺得自己超級fail,Depression
覺得自己超級冇用,Depression
覺得自己超級失敗,Depression
覺得自己超級無用,Depression
覺得自己超級廢,Depression
覺得自己超無用,Depression
覺得自己超廢,Depression
覺得自己極fail,Depression
覺得自己極失敗,Depression
覺得自己極廢,Depression
覺得自卑,Depression
覺得吾快樂,Depression
覺得吾開心,Depression
覺得勁仰鬱,Depression
覺得勁抑屈,Depression
覺得勁抑郁,Depression
覺得勁抑壓,Depression
覺得勁抑鬱,Depression
覺得勁憂屈,Depression
覺得勁憂郁,Depression
覺得勁憂鬱,Depression
覺得個身好痛,Depression
覺得個身勁痛,Depression
覺得個身超級痛,Depression
覺得個身超痛,Depression
覺得個身極痛,Depression
覺得唔快樂,Depression
覺得唔開心,Depression
覺得無o西希望,Depression
覺得無晒希望,Depression
覺得超仰鬱,Depression
覺得超抑屈,Depression
覺得超抑郁,Depression
覺得超抑壓,Depression
覺得超抑鬱,Depression
覺得超級仰鬱,Depression
覺得超級抑屈,Depression
覺得超級抑郁,Depression
覺得超級抑壓,Depression
覺得超級抑鬱,Depression
覺得超級憂屈,Depression
覺得超級憂郁,Depression
覺得超級憂鬱,Depression
覺得超憂屈,Depression
覺得超憂郁,Depression
覺得超憂鬱,Depression
覺得極仰鬱,Depression
覺得極抑屈,Depression
覺得極抑郁,Depression
覺得極抑壓,Depression
覺得極抑鬱,Depression
覺得極憂屈,Depression
覺得極憂郁,Depression
覺得極憂鬱,Depression
鬱結,Depression
