﻿Term,Parent
litigation,Fairness_viceP3
訴訟,Fairness_viceP3
訟案,Fairness_viceP3
起訴,Fairness_viceP3
destroying,Fairness_viceP3
摧毀,Fairness_viceP3
破壞,Fairness_viceP3
毀滅,Fairness_viceP3
毀壞,Fairness_viceP3
消滅,Fairness_viceP3
摧殘毀壞,Fairness_viceP3
滅殺,Fairness_viceP3
宰殺,Fairness_viceP3
sentenced,Fairness_viceP3
定罪,Fairness_viceP3
被判,Fairness_viceP3
被判刑,Fairness_viceP3
被定罪,Fairness_viceP3
charged,Fairness_viceP3
控訴,Fairness_viceP3
控告,Fairness_viceP3
指控,Fairness_viceP3
告,Fairness_viceP3
violations,Fairness_viceP3
違規,Fairness_viceP3
違反,Fairness_viceP3
違背,Fairness_viceP3
侵犯,Fairness_viceP3
違約,Fairness_viceP3
charges,Fairness_viceP3
費用,Fairness_viceP3
收費,Fairness_viceP3
要價,Fairness_viceP3
leave,Fairness_viceP3
離開,Fairness_viceP3
離去,Fairness_viceP3
走,Fairness_viceP3
遺留,Fairness_viceP3
留低,Fairness_viceP3
arrests,Fairness_viceP3
捉拿,Fairness_viceP3
扣留,Fairness_viceP3
拉,Fairness_viceP3
negative,Fairness_viceP3
負面,Fairness_viceP3
否定,Fairness_viceP3
消極,Fairness_viceP3
反面,Fairness_viceP3
拒絕,Fairness_viceP3
負極,Fairness_viceP3
lawsuits,Fairness_viceP3
打官司,Fairness_viceP3
violated,Fairness_viceP3
被侵犯,Fairness_viceP3
觸犯,Fairness_viceP3
侵害,Fairness_viceP3
侵擾,Fairness_viceP3
打擾,Fairness_viceP3
妨礙,Fairness_viceP3
broken,Fairness_viceP3
壞咗 ,Fairness_viceP3
破裂,Fairness_viceP3
破碎,Fairness_viceP3
有損壞,Fairness_viceP3
有毀壞,Fairness_viceP3
guilty,Fairness_viceP3
內疚,Fairness_viceP3
愧疚,Fairness_viceP3
自責,Fairness_viceP3
過意不去,Fairness_viceP3
有錯,Fairness_viceP3
有過失,Fairness_viceP3
有過錯,Fairness_viceP3
problem,Fairness_viceP3
問題,Fairness_viceP3
困難,Fairness_viceP3
難題,Fairness_viceP3
疑難,Fairness_viceP3
困境,Fairness_viceP3
麻煩,Fairness_viceP3
困難狀況,Fairness_viceP3
難關,Fairness_viceP3
victims,Fairness_viceP3
受害者,Fairness_viceP3
被害者,Fairness_viceP3
受騙者,Fairness_viceP3
受災者,Fairness_viceP3
犧牲者,Fairness_viceP3
罹難者,Fairness_viceP3
detained,Fairness_viceP3
羈押,Fairness_viceP3
扣押,Fairness_viceP3
使留下,Fairness_viceP3
被扣留,Fairness_viceP3
被拘留,Fairness_viceP3
被羈押,Fairness_viceP3
被扣押,Fairness_viceP3
inability,Fairness_viceP3
無能,Fairness_viceP3
無能力,Fairness_viceP3
無力,Fairness_viceP3
threaten,Fairness_viceP3
危害,Fairness_viceP3
low,Fairness_viceP3
低,Fairness_viceP3
平底,Fairness_viceP3
微,Fairness_viceP3
水平之下,Fairness_viceP3
pay,Fairness_viceP3
支付,Fairness_viceP3
付款,Fairness_viceP3
付錢,Fairness_viceP3
付費,Fairness_viceP3
支出,Fairness_viceP3
有利可圖,Fairness_viceP3
hide,Fairness_viceP3
隱藏,Fairness_viceP3
躲藏,Fairness_viceP3
掩蔽,Fairness_viceP3
遮掩,Fairness_viceP3
匿藏,Fairness_viceP3
隱瞞,Fairness_viceP3
匿埋,Fairness_viceP3
scared,Fairness_viceP3
害怕的,Fairness_viceP3
恐懼的,Fairness_viceP3
驚慌的,Fairness_viceP3
擔心的,Fairness_viceP3
憂慮的,Fairness_viceP3
惶恐的,Fairness_viceP3
驚恐的,Fairness_viceP3
bad,Fairness_viceP3
壞,Fairness_viceP3
不好,Fairness_viceP3
差,Fairness_viceP3
低劣,Fairness_viceP3
糟糕,Fairness_viceP3
差勁,Fairness_viceP3
惡劣,Fairness_viceP3
唔好,Fairness_viceP3
令人不悅,Fairness_viceP3
lies,Fairness_viceP3
謊言,Fairness_viceP3
說謊,Fairness_viceP3
虛假,Fairness_viceP3
欺騙,Fairness_viceP3
大話,Fairness_viceP3
detention,Fairness_viceP3
拘禁,Fairness_viceP3
罰留堂,Fairness_viceP3
關押,Fairness_viceP3
steal,Fairness_viceP3
偷竊,Fairness_viceP3
盜竊,Fairness_viceP3
偷取,Fairness_viceP3
搶劫,Fairness_viceP3
偷嘢,Fairness_viceP3
worries,Fairness_viceP3
憂心,Fairness_viceP3
發愁,Fairness_viceP3
愁緒,Fairness_viceP3
denied,Fairness_viceP3
否決,Fairness_viceP3
拒絕承認,Fairness_viceP3
駁回,Fairness_viceP3
不准,Fairness_viceP3
否認,Fairness_viceP3
駁斥,Fairness_viceP3
謝絕,Fairness_viceP3
debt,Fairness_viceP3
負債,Fairness_viceP3
欠債,Fairness_viceP3
借債,Fairness_viceP3
欠款,Fairness_viceP3
債務,Fairness_viceP3
accused,Fairness_viceP3
被告,Fairness_viceP3
被控,Fairness_viceP3
被指控,Fairness_viceP3
resigned,Fairness_viceP3
辭職的,Fairness_viceP3
不抗拒的,Fairness_viceP3
屈服的,Fairness_viceP3
順服的,Fairness_viceP3
忍氣吞聲的,Fairness_viceP3
引退的,Fairness_viceP3
無可奈何,Fairness_viceP3
順從,Fairness_viceP3
不得不接受,Fairness_viceP3
violation,Fairness_viceP3
蹧踐,Fairness_viceP3
complaints,Fairness_viceP3
投訴,Fairness_viceP3
抱怨 ,Fairness_viceP3
埋怨,Fairness_viceP3
不滿,Fairness_viceP3
訴苦,Fairness_viceP3
怨言,Fairness_viceP3
責備,Fairness_viceP3
punished,Fairness_viceP3
deny,Fairness_viceP3
不承認,Fairness_viceP3
抵賴,Fairness_viceP3
不認,Fairness_viceP3
不允許,Fairness_viceP3
唔承認,Fairness_viceP3
唔認,Fairness_viceP3
唔允許,Fairness_viceP3
fraud,Fairness_viceP3
欺詐,Fairness_viceP3
詐騙,Fairness_viceP3
騙局,Fairness_viceP3
詭計,Fairness_viceP3
騙子,Fairness_viceP3
假貨,Fairness_viceP3
refuse,Fairness_viceP3
illegal,Fairness_viceP3
非法,Fairness_viceP3
不合法,Fairness_viceP3
唔合法,Fairness_viceP3
違反規則的,Fairness_viceP3
犯罪的,Fairness_viceP3
desperate,Fairness_viceP3
絕望,Fairness_viceP3
拼命,Fairness_viceP3
不顧一切,Fairness_viceP3
孤注一擲,Fairness_viceP3
無計可施,Fairness_viceP3
迫切 ,Fairness_viceP3
鋌而走險的,Fairness_viceP3
情急拼命的,Fairness_viceP3
threatened,Fairness_viceP3
受威脅,Fairness_viceP3
受到威嚇,Fairness_viceP3
受到恐嚇,Fairness_viceP3
受到威逼 ,Fairness_viceP3
impose,Fairness_viceP3
強制 ,Fairness_viceP3
加諸,Fairness_viceP3
徵收,Fairness_viceP3
強制實行,Fairness_viceP3
delayed,Fairness_viceP3
延遲,Fairness_viceP3
耽擱,Fairness_viceP3
遲緩 ,Fairness_viceP3
慢了,Fairness_viceP3
推遲,Fairness_viceP3
延期,Fairness_viceP3
耽誤,Fairness_viceP3
延遲嘅,Fairness_viceP3
耽擱嘅,Fairness_viceP3
遲緩嘅 ,Fairness_viceP3
killings,Fairness_viceP3
殺戮,Fairness_viceP3
殺生,Fairness_viceP3
prison,Fairness_viceP3
監獄,Fairness_viceP3
囚禁所 ,Fairness_viceP3
監禁,Fairness_viceP3
監牢,Fairness_viceP3
牢籠,Fairness_viceP3
禁錮,Fairness_viceP3
criminal,Fairness_viceP3
罪人,Fairness_viceP3
犯罪分子,Fairness_viceP3
不道德的,Fairness_viceP3
injustice,Fairness_viceP3
不公正,Fairness_viceP3
不公平,Fairness_viceP3
不義 ,Fairness_viceP3
不公平嘅待遇,Fairness_viceP3
不正義,Fairness_viceP3
accusations,Fairness_viceP3
控罪,Fairness_viceP3
struggles,Fairness_viceP3
掙扎 ,Fairness_viceP3
障礙,Fairness_viceP3
拼搏,Fairness_viceP3
苦苦掙扎,Fairness_viceP3
fails,Fairness_viceP3
不及格,Fairness_viceP3
失手,Fairness_viceP3
失誤 ,Fairness_viceP3
失策,Fairness_viceP3
不成功,Fairness_viceP3
唔合格,Fairness_viceP3
未能做到,Fairness_viceP3
未能通過,Fairness_viceP3
未履行,Fairness_viceP3
painful,Fairness_viceP3
痛心,Fairness_viceP3
令人難堪的,Fairness_viceP3
punishment,Fairness_viceP3
制裁,Fairness_viceP3
粗暴的對待,Fairness_viceP3
weak,Fairness_viceP3
軟弱,Fairness_viceP3
虛弱,Fairness_viceP3
衰弱,Fairness_viceP3
薄弱,Fairness_viceP3
脆弱,Fairness_viceP3
弱小,Fairness_viceP3
衰退,Fairness_viceP3
無決斷力的,Fairness_viceP3
意志薄弱的,Fairness_viceP3
怯懦的,Fairness_viceP3
shake,Fairness_viceP3
搖動,Fairness_viceP3
搖晃,Fairness_viceP3
抖動,Fairness_viceP3
震動 ,Fairness_viceP3
搖擺 ,Fairness_viceP3
搖曳,Fairness_viceP3
使顫動,Fairness_viceP3
打顫,Fairness_viceP3
發抖,Fairness_viceP3
lose,Fairness_viceP3
輸,Fairness_viceP3
丟失,Fairness_viceP3
喪失,Fairness_viceP3
失敗 ,Fairness_viceP3
減少,Fairness_viceP3
crime,Fairness_viceP3
罪案    ,Fairness_viceP3
罪惡,Fairness_viceP3
罪過,Fairness_viceP3
confront,Fairness_viceP3
面對,Fairness_viceP3
對質,Fairness_viceP3
面對面,Fairness_viceP3
面臨,Fairness_viceP3
正視,Fairness_viceP3
undermining,Fairness_viceP3
暗中挖角,Fairness_viceP3
逐漸損害,Fairness_viceP3
unfair,Fairness_viceP3
不平等,Fairness_viceP3
不公義,Fairness_viceP3
不公 ,Fairness_viceP3
唔公平,Fairness_viceP3
不公不義,Fairness_viceP3
mistakes,Fairness_viceP3
犯錯,Fairness_viceP3
差錯,Fairness_viceP3
錯誤 ,Fairness_viceP3
錯,Fairness_viceP3
devastating,Fairness_viceP3
破壞性的,Fairness_viceP3
摧毀性的,Fairness_viceP3
毀滅性的,Fairness_viceP3
災難性的,Fairness_viceP3
fake,Fairness_viceP3
假,Fairness_viceP3
假冒,Fairness_viceP3
流嘅,Fairness_viceP3
流嘢,Fairness_viceP3
不真確,Fairness_viceP3
critics,Fairness_viceP3
rigged,Fairness_viceP3
操縱的,Fairness_viceP3
偽造的,Fairness_viceP3
被操控的,Fairness_viceP3
被擺佈的,Fairness_viceP3
任人擺佈的,Fairness_viceP3
cuts,Fairness_viceP3
傷口,Fairness_viceP3
縮減,Fairness_viceP3
dump,Fairness_viceP3
傾倒,Fairness_viceP3
甩,Fairness_viceP3
亂放,Fairness_viceP3
揼低,Fairness_viceP3
扔下,Fairness_viceP3
放置,Fairness_viceP3
seriously,Fairness_viceP3
認真地,Fairness_viceP3
嚴肅地,Fairness_viceP3
正經,Fairness_viceP3
propaganda,Fairness_viceP3
政治宣傳,Fairness_viceP3
意識形態宣傳,Fairness_viceP3
洗腦,Fairness_viceP3
舆論操縱,Fairness_viceP3
鼓吹,Fairness_viceP3
lawsuit,Fairness_viceP3
官司,Fairness_viceP3
suspended,Fairness_viceP3
被停職,Fairness_viceP3
暫停,Fairness_viceP3
懸掛,Fairness_viceP3
被停賽,Fairness_viceP3
雪藏,Fairness_viceP3
半天弔,Fairness_viceP3
延緩,Fairness_viceP3
ill,Fairness_viceP3
不舒服,Fairness_viceP3
不健康,Fairness_viceP3
唔健康,Fairness_viceP3
suspect,Fairness_viceP3
嫌犯,Fairness_viceP3
可疑,Fairness_viceP3
疑有,Fairness_viceP3
察覺,Fairness_viceP3
唔信任,Fairness_viceP3
sentencing,Fairness_viceP3
定刑,Fairness_viceP3
disagree,Fairness_viceP3
有異議,Fairness_viceP3
不贊同,Fairness_viceP3
blocked,Fairness_viceP3
受阻的,Fairness_viceP3
被擋的,Fairness_viceP3
fail,Fairness_viceP3
落空,Fairness_viceP3
未達成,Fairness_viceP3
變弱,Fairness_viceP3
無能為力,Fairness_viceP3
violating,Fairness_viceP3
違犯,Fairness_viceP3
侮辱,Fairness_viceP3
