﻿Term,Parent
祖国,Loyalty_virtueP7
祖國,Loyalty_virtueP7
本土,Loyalty_virtueP7
故鄉,Loyalty_virtueP7
屋企,Loyalty_virtueP7
自己國家,Loyalty_virtueP7
自己人,Loyalty_virtueP7
同路人,Loyalty_virtueP7
同志,Loyalty_virtueP7
親近既人,Loyalty_virtueP7
同隊人,Loyalty_virtueP7
隊友,Loyalty_virtueP7
親近嘅人,Loyalty_virtueP7
自家人,Loyalty_virtueP7
兄弟姊妹,Loyalty_virtueP7
屋企人,Loyalty_virtueP7
親戚,Loyalty_virtueP7
三姑六婆,Loyalty_virtueP7
家人,Loyalty_virtueP7
咱们,Loyalty_virtueP7
咱們,Loyalty_virtueP7
我們,Loyalty_virtueP7
我哋,Loyalty_virtueP7
我地,Loyalty_virtueP7
忠实,Loyalty_virtueP7
忠於信念,Loyalty_virtueP7
堅守,Loyalty_virtueP7
忠诚,Loyalty_virtueP7
忠於使命,Loyalty_virtueP7
絕對忠心,Loyalty_virtueP7
守信任,Loyalty_virtueP7
附和,Loyalty_virtueP7
相似,Loyalty_virtueP7
一员,Loyalty_virtueP7
一員,Loyalty_virtueP7
一部分,Loyalty_virtueP7
一隊,Loyalty_virtueP7
一份子,Loyalty_virtueP7
一分子,Loyalty_virtueP7
一起,Loyalty_virtueP7
齊齊,Loyalty_virtueP7
一齊,Loyalty_virtueP7
一同,Loyalty_virtueP7
业内,Loyalty_virtueP7
業內,Loyalty_virtueP7
內部,Loyalty_virtueP7
專業內,Loyalty_virtueP7
行內,Loyalty_virtueP7
协约,Loyalty_virtueP7
契約,Loyalty_virtueP7
商定,Loyalty_virtueP7
協商,Loyalty_virtueP7
协会,Loyalty_virtueP7
協會,Loyalty_virtueP7
組織,Loyalty_virtueP7
會所,Loyalty_virtueP7
社團,Loyalty_virtueP7
會社,Loyalty_virtueP7
团体,Loyalty_virtueP7
團體,Loyalty_virtueP7
集團,Loyalty_virtueP7
隊伍,Loyalty_virtueP7
團隊,Loyalty_virtueP7
群體,Loyalty_virtueP7
团结,Loyalty_virtueP7
團結,Loyalty_virtueP7
聯結,Loyalty_virtueP7
連合,Loyalty_virtueP7
團力,Loyalty_virtueP7
互相集氣,Loyalty_virtueP7
团队,Loyalty_virtueP7
同一隊伍,Loyalty_virtueP7
組,Loyalty_virtueP7
统一,Loyalty_virtueP7
一體化,Loyalty_virtueP7
整合,Loyalty_virtueP7
統整,Loyalty_virtueP7
合一,Loyalty_virtueP7
同性戀,Loyalty_virtueP7
同性向,Loyalty_virtueP7
同性愛,Loyalty_virtueP7
基佬,Loyalty_virtueP7
同心,Loyalty_virtueP7
一心一意,Loyalty_virtueP7
保持一致,Loyalty_virtueP7
齊心合力,Loyalty_virtueP7
同心協力,Loyalty_virtueP7
互相協作,Loyalty_virtueP7
齊心,Loyalty_virtueP7
同德,Loyalty_virtueP7
道德一致,Loyalty_virtueP7
一樣既道德,Loyalty_virtueP7
一樣嘅道德,Loyalty_virtueP7
道德一樣,Loyalty_virtueP7
同事,Loyalty_virtueP7
工友,Loyalty_virtueP7
同仁,Loyalty_virtueP7
同僚,Loyalty_virtueP7
夥記,Loyalty_virtueP7
同盟,Loyalty_virtueP7
結盟,Loyalty_virtueP7
協力,Loyalty_virtueP7
聯手,Loyalty_virtueP7
同类,Loyalty_virtueP7
同類,Loyalty_virtueP7
相同種類,Loyalty_virtueP7
同系,Loyalty_virtueP7
同一類,Loyalty_virtueP7
同一種,Loyalty_virtueP7
同一種類,Loyalty_virtueP7
同侪,Loyalty_virtueP7
同儕,Loyalty_virtueP7
同輩,Loyalty_virtueP7
同學,Loyalty_virtueP7
同好,Loyalty_virtueP7
同行,Loyalty_virtueP7
同業,Loyalty_virtueP7
平輩,Loyalty_virtueP7
同辈,Loyalty_virtueP7
同年,Loyalty_virtueP7
同齡,Loyalty_virtueP7
同列,Loyalty_virtueP7
同伙,Loyalty_virtueP7
伴侶,Loyalty_virtueP7
世代相传,Loyalty_virtueP7
世代相傳,Loyalty_virtueP7
代代相傳,Loyalty_virtueP7
傳承,Loyalty_virtueP7
社群,Loyalty_virtueP7
社區,Loyalty_virtueP7
社会,Loyalty_virtueP7
社會,Loyalty_virtueP7
群体,Loyalty_virtueP7
群組,Loyalty_virtueP7
人群,Loyalty_virtueP7
集體,Loyalty_virtueP7
全体,Loyalty_virtueP7
全體,Loyalty_virtueP7
全部,Loyalty_virtueP7
全球,Loyalty_virtueP7
所有,Loyalty_virtueP7
圈子,Loyalty_virtueP7
社交圈,Loyalty_virtueP7
朋友圈,Loyalty_virtueP7
圈内,Loyalty_virtueP7
圈內,Loyalty_virtueP7
行内,Loyalty_virtueP7
亲属,Loyalty_virtueP7
親屬,Loyalty_virtueP7
親人,Loyalty_virtueP7
親友,Loyalty_virtueP7
家眷,Loyalty_virtueP7
齐心,Loyalty_virtueP7
共同努力,Loyalty_virtueP7
心齐,Loyalty_virtueP7
心齊,Loyalty_virtueP7
心心相印,Loyalty_virtueP7
心繫,Loyalty_virtueP7
派系,Loyalty_virtueP7
宗派,Loyalty_virtueP7
學派,Loyalty_virtueP7
派別,Loyalty_virtueP7
内部,Loyalty_virtueP7
內裏,Loyalty_virtueP7
裏面,Loyalty_virtueP7
民族,Loyalty_virtueP7
種族,Loyalty_virtueP7
土著,Loyalty_virtueP7
盟友,Loyalty_virtueP7
戰友,Loyalty_virtueP7
同盟者,Loyalty_virtueP7
盟軍,Loyalty_virtueP7
联手,Loyalty_virtueP7
合作聯手,Loyalty_virtueP7
合力,Loyalty_virtueP7
联结,Loyalty_virtueP7
聯結合作,Loyalty_virtueP7
联合,Loyalty_virtueP7
結合,Loyalty_virtueP7
连同,Loyalty_virtueP7
連同,Loyalty_virtueP7
结盟,Loyalty_virtueP7
聯盟,Loyalty_virtueP7
结合,Loyalty_virtueP7
結合一起,Loyalty_virtueP7
集合,Loyalty_virtueP7
集力,Loyalty_virtueP7
家族,Loyalty_virtueP7
族系,Loyalty_virtueP7
家門,Loyalty_virtueP7
家系,Loyalty_virtueP7
親族,Loyalty_virtueP7
家庭,Loyalty_virtueP7
房屋,Loyalty_virtueP7
家居,Loyalty_virtueP7
家園,Loyalty_virtueP7
家舍,Loyalty_virtueP7
家屬,Loyalty_virtueP7
家中人,Loyalty_virtueP7
家庭成員,Loyalty_virtueP7
继承,Loyalty_virtueP7
承襲,Loyalty_virtueP7
繼續,Loyalty_virtueP7
續傳,Loyalty_virtueP7
承繼,Loyalty_virtueP7
集团,Loyalty_virtueP7
企業,Loyalty_virtueP7
財團,Loyalty_virtueP7
機構,Loyalty_virtueP7
公司,Loyalty_virtueP7
集体,Loyalty_virtueP7
一群人,Loyalty_virtueP7
伙伴,Loyalty_virtueP7
搭檔,Loyalty_virtueP7
拍檔,Loyalty_virtueP7
会员,Loyalty_virtueP7
會員,Loyalty_virtueP7
會籍,Loyalty_virtueP7
成員,Loyalty_virtueP7
行会,Loyalty_virtueP7
行會,Loyalty_virtueP7
行業協會,Loyalty_virtueP7
商會,Loyalty_virtueP7
工會,Loyalty_virtueP7
行政會議,Loyalty_virtueP7
国民,Loyalty_virtueP7
國民,Loyalty_virtueP7
公民,Loyalty_virtueP7
全民,Loyalty_virtueP7
人民,Loyalty_virtueP7
平民,Loyalty_virtueP7
市民,Loyalty_virtueP7
居民,Loyalty_virtueP7
百姓,Loyalty_virtueP7
国家,Loyalty_virtueP7
國家,Loyalty_virtueP7
政府,Loyalty_virtueP7
國土,Loyalty_virtueP7
亲密,Loyalty_virtueP7
親密,Loyalty_virtueP7
密切,Loyalty_virtueP7
親近,Loyalty_virtueP7
緊密,Loyalty_virtueP7
共同使用,Loyalty_virtueP7
同用,Loyalty_virtueP7
同享,Loyalty_virtueP7
公社,Loyalty_virtueP7
人民公社,Loyalty_virtueP7
公民與社會發展,Loyalty_virtueP7
公会,Loyalty_virtueP7
公會,Loyalty_virtueP7
職業公會,Loyalty_virtueP7
公共,Loyalty_virtueP7
公有,Loyalty_virtueP7
公用,Loyalty_virtueP7
工会,Loyalty_virtueP7
工人組織,Loyalty_virtueP7
队伍,Loyalty_virtueP7
軍隊,Loyalty_virtueP7
部隊,Loyalty_virtueP7
奉献,Loyalty_virtueP7
貢獻,Loyalty_virtueP7
捐獻,Loyalty_virtueP7
党员,Loyalty_virtueP7
黨員,Loyalty_virtueP7
黨組織,Loyalty_virtueP7
成员,Loyalty_virtueP7
團隊成員,Loyalty_virtueP7
組織成員,Loyalty_virtueP7
參加者,Loyalty_virtueP7
參與者,Loyalty_virtueP7
爱国,Loyalty_virtueP7
愛國,Loyalty_virtueP7
忠國,Loyalty_virtueP7
愛國心,Loyalty_virtueP7
國家主義,Loyalty_virtueP7
國家意識,Loyalty_virtueP7
精忠報國,Loyalty_virtueP7
