﻿Term,Parent
罪惡之人,Sanctity_viceP7
罪行者,Sanctity_viceP7
犯罪之人,Sanctity_viceP7
罪責,Sanctity_viceP7
犯罪嘅行為,Sanctity_viceP7
罪过,Sanctity_viceP7
罪孽,Sanctity_viceP7
有罪的過失,Sanctity_viceP7
有罪的禍害,Sanctity_viceP7
罪责,Sanctity_viceP7
刑事責任,Sanctity_viceP7
犯罪行為負有責任嘅狀態,Sanctity_viceP7
重罪,Sanctity_viceP7
大罪,Sanctity_viceP7
重刑罪,Sanctity_viceP7
死罪,Sanctity_viceP7
死刑,Sanctity_viceP7
行死,Sanctity_viceP7
處死,Sanctity_viceP7
罪恶,Sanctity_viceP7
憎恶,Sanctity_viceP7
憎恨厭惡,Sanctity_viceP7
脏话,Sanctity_viceP7
骯髒話,Sanctity_viceP7
污言穢語,Sanctity_viceP7
粗言穢語,Sanctity_viceP7
粗口,Sanctity_viceP7
言語暴力,Sanctity_viceP7
诱奸,Sanctity_viceP7
誘姦,Sanctity_viceP7
誘導強姦,Sanctity_viceP7
有罪,Sanctity_viceP7
成立罪行,Sanctity_viceP7
罪名成立,Sanctity_viceP7
引诱,Sanctity_viceP7
引誘,Sanctity_viceP7
誘使,Sanctity_viceP7
誘導,Sanctity_viceP7
淫逸,Sanctity_viceP7
淫亂,Sanctity_viceP7
穢亂,Sanctity_viceP7
淫猥,Sanctity_viceP7
淫蕩,Sanctity_viceP7
淫秽,Sanctity_viceP7
淫穢,Sanctity_viceP7
猥褻,Sanctity_viceP7
下流,Sanctity_viceP7
猥瑣,Sanctity_viceP7
鹹濕,Sanctity_viceP7
淫妇,Sanctity_viceP7
淫婦,Sanctity_viceP7
通姦嘅女子,Sanctity_viceP7
淫賤女人,Sanctity_viceP7
淫荡,Sanctity_viceP7
淫褻,Sanctity_viceP7
色情,Sanctity_viceP7
好淫,Sanctity_viceP7
厌恶,Sanctity_viceP7
乞人憎,Sanctity_viceP7
頂唔順,Sanctity_viceP7
性泛滥,Sanctity_viceP7
性縱慾,Sanctity_viceP7
縱慾過度,Sanctity_viceP7
性上癮,Sanctity_viceP7
亵渎,Sanctity_viceP7
褻瀆,Sanctity_viceP7
輕慢,Sanctity_viceP7
邪恶,Sanctity_viceP7
險惡,Sanctity_viceP7
卑鄙,Sanctity_viceP7
卑劣,Sanctity_viceP7
羞辱,Sanctity_viceP7
凌辱,Sanctity_viceP7
无节操,Sanctity_viceP7
無節操,Sanctity_viceP7
無道德,Sanctity_viceP7
冇底線,Sanctity_viceP7
冇道德,Sanctity_viceP7
冇節操,Sanctity_viceP7
无度,Sanctity_viceP7
無度,Sanctity_viceP7
無節制,Sanctity_viceP7
放縱,Sanctity_viceP7
污渍,Sanctity_viceP7
污漬,Sanctity_viceP7
污跡,Sanctity_viceP7
漬,Sanctity_viceP7
污物,Sanctity_viceP7
骯髒嘢,Sanctity_viceP7
污糟嘢,Sanctity_viceP7
污损,Sanctity_viceP7
污損,Sanctity_viceP7
污染損壞,Sanctity_viceP7
整污糟整爛,Sanctity_viceP7
污染,Sanctity_viceP7
弄髒,Sanctity_viceP7
沾污,Sanctity_viceP7
污秽,Sanctity_viceP7
龌龊,Sanctity_viceP7
齷齪,Sanctity_viceP7
*,Sanctity_viceP7
猥亵,Sanctity_viceP7
通奸,Sanctity_viceP7
通姦,Sanctity_viceP7
婚外性行為,Sanctity_viceP7
婚外性關係,Sanctity_viceP7
私生,Sanctity_viceP7
水性杨花,Sanctity_viceP7
水性楊花,Sanctity_viceP7
色诱,Sanctity_viceP7
色誘,Sanctity_viceP7
扫黄,Sanctity_viceP7
掃黃,Sanctity_viceP7
轻浮,Sanctity_viceP7
輕浮,Sanctity_viceP7
破鞋,Sanctity_viceP7
嫖,Sanctity_viceP7
呕吐,Sanctity_viceP7
嘔吐,Sanctity_viceP7
弄脏,Sanctity_viceP7
没教养,Sanctity_viceP7
卖淫,Sanctity_viceP7
賣淫,Sanctity_viceP7
乱交,Sanctity_viceP7
亂交,Sanctity_viceP7
滥情,Sanctity_viceP7
濫情,Sanctity_viceP7
烂泥,Sanctity_viceP7
爛泥,Sanctity_viceP7
拉稀,Sanctity_viceP7
垃圾,Sanctity_viceP7
妓院,Sanctity_viceP7
妓女,Sanctity_viceP7
晦暗,Sanctity_viceP7
挥霍,Sanctity_viceP7
揮霍,Sanctity_viceP7
花心,Sanctity_viceP7
好色,Sanctity_viceP7
感染,Sanctity_viceP7
腐坏,Sanctity_viceP7
腐壞,Sanctity_viceP7
腐化,Sanctity_viceP7
腐败,Sanctity_viceP7
腐敗,Sanctity_viceP7
放纵,Sanctity_viceP7
放荡,Sanctity_viceP7
放蕩,Sanctity_viceP7
犯戒,Sanctity_viceP7
反胃,Sanctity_viceP7
病人,Sanctity_viceP7
病夫,Sanctity_viceP7
恶心,Sanctity_viceP7
惡心,Sanctity_viceP7
恶化,Sanctity_viceP7
惡化,Sanctity_viceP7
恶毒,Sanctity_viceP7
堕落,Sanctity_viceP7
玷污,Sanctity_viceP7
荡妇,Sanctity_viceP7
蕩婦,Sanctity_viceP7
粗鄙,Sanctity_viceP7
传染,Sanctity_viceP7
傳染,Sanctity_viceP7
出轨,Sanctity_viceP7
丑闻,Sanctity_viceP7
沉溺声色,Sanctity_viceP7
沉溺聲色,Sanctity_viceP7
娼,Sanctity_viceP7
不尊敬,Sanctity_viceP7
不雅,Sanctity_viceP7
不卫生,Sanctity_viceP7
不衛生,Sanctity_viceP7
不清白,Sanctity_viceP7
不虔诚,Sanctity_viceP7
不虔誠,Sanctity_viceP7
大逆不道,Sanctity_viceP7
不洁,Sanctity_viceP7
不节制,Sanctity_viceP7
不節制,Sanctity_viceP7
不检点,Sanctity_viceP7
不檢點,Sanctity_viceP7
不干净,Sanctity_viceP7
不乾淨,Sanctity_viceP7
变质,Sanctity_viceP7
變質,Sanctity_viceP7
变态,Sanctity_viceP7
變態,Sanctity_viceP7
变坏,Sanctity_viceP7
變壞,Sanctity_viceP7
疾病,Sanctity_viceP7
病害,Sanctity_viceP7
病症,Sanctity_viceP7
得病,Sanctity_viceP7
病态,Sanctity_viceP7
病態,Sanctity_viceP7
重病,Sanctity_viceP7
沉疴,Sanctity_viceP7
久病,Sanctity_viceP7
慢性病,Sanctity_viceP7
長期病,Sanctity_viceP7
情緒病?,Sanctity_viceP7
老年病?,Sanctity_viceP7
鄙劣,Sanctity_viceP7
败坏,Sanctity_viceP7
敗壞,Sanctity_viceP7
肮脏,Sanctity_viceP7
骯髒不堪*,Sanctity_viceP7
骯髒透頂,Sanctity_viceP7
,
,
,
,
,
,
,
,
,
,
,
,
,
,
,
,
,
,
,
,
,
,
,
,
,
,
,
,
,
,
,
,
,
,
,
,
,
,
,
,
,
,
,
,
,
,
,
,
,
,
,
,
,
,
,
,
,
,
,
,
,
,
,
,
,
,
,
,
,
,
,
,
